"Sonia Vihar, Delhi - DPCC",31,28,36,46,56,40,23,20,48,28,17,40,31,25,19,16,13,31,38,49,36,29,56.5,47,38,74,85,81,102,136,95,123,130,118,96,65.5,113,146,102,114,136,195,213,194,169,356,366,322,233.5,206,99,74,145,195,210,214.5,116,94,91,103,42,44,61,123.5,111.5,144,194,227,158,217,210,219,328,260,103,70,84,90,130,316,332,234,130,130,217,113,167,239,193,188,207,179,149,151,135,70,117,111,238,107,102,130,103,100,130,146,243,163,79,81,208,103,97,112,157,153,141,152,88,74,77,154.5,148,100,182,110,52,52,59,116,155,111,86,91,91,92.5,40,27,47,62.5,69,64,55,39,61,86,89,72,30,25,5,28,59,58,29,50,57,30,59,46,15.5,34.5,29,46,33,39,48,50,58,24,48,62,44,67,28,35,35,66,40,28,43,11,24,17,30,39.5,34,50,44,27,27,35,31,42,34,25,30,18,52,24,19,17,40,29.5
"Vivek Vihar, Delhi - DPCC",19,24,60,56,68,39,18,25,61,28,17,33,30,29,25,22,18,18,27,60,45,35,66,47,38,72,124,97,138,180,150,150,158,143,64,107,153,168,119,134,238.5,276,353,338,177,476,379,389,313,199.5,94,67,132,252,255.5,265,134,140,113,129,77,27,50,141,164,178,324,263,245.5,285,213,277,340,249,105,74,96.5,103,157,360,484,296,167,172,259,156.5,238,342.5,327,280,261,196,171,138,151,90,150,135,255,143,105,162,105,146,158,158,234,239,86,90.5,393,111,111,162,151,184,174,153,110,80,86,149.5,148,119,152,121,45,62,73,138,177,101,88,121,118,90,39,25,53,63,55,62.5,54,36,40,78,103,78,33,24,45,88,62,72,27,51,58,33,54.5,39,14,38,40.5,50,22.5,53,72.5,70,72,22,32.5,59,38,60,20,36,34,57,41.5,32.5,45.5,13,39.5,19,37,39.5,28.5,47,39.5,30,24,34,39,62,22,30,23,22,48,16,16,16,28,34.5
"Okhla Phase-2, Delhi - DPCC",28,27.5,48,72,70,50,28,25,55,33,17,39,20,37,25,14,12,24.5,29,62,45,30,58,51,36,86,97,95,105,124,108,161,136,122,88,70,111,199,111,153,189,237,273,193,174,367,389,388,323,200,96,80,134,147,230,218,129,123,128,127,64,35,52,116,118,143,289,285,279,298,230.5,252,368,298,92,77,103,94,145,304,381,291,173,170.5,283,173,234,569,395,282,238,196,178,117,141,99,144,156,259,129,116,138,85,157,155,144,221,232,88,69,309,111,136,204.5,167,212.5,200.5,193,81,68,89,118,141,147,140,112,42,56,61,123,151,102,88,97,79,79,32,18,72,69,57,56,44,38,59,81,84,62,29,28,42.5,73,69,38,27,52,50,31,52,37,14,40,50,48,25,47,40,76.5,46,27,34,56,34.5,49,23,29,31,55,42.5,25,37,15,21,9,23,30,24,42,34,34,17,12,31,35,27,31,18,20,33,12,9,36,35.5,36
"NSIT Dwarka, Delhi - CPCB",48.22,50.33,61.33,69.46,81.48,66.975,49.345,35.64,58.385,50.16,43.55,42.645,43.5,47.59,39.54,38.4,33.1,39.28,40.235,61.1,55.45,58.98,80.77,77.03,65.67,108.545,107.02,107.56,102.1,126.965,122.91,125.55,138.6,108.14,93.73,91.99,108.6,175.9,112.435,119.39,162.12,201.13,202.31,179.41,128.32,288.65,316.825,318.01,377.73,193.16,92.8,97.63,98.91,131.93,222.355,188.72,140.96,163.47,151.87,144.93,94.3,48.87,68.61,153.5,161.98,116.92,184.47,216.85,238.16,201.34,181.44,208.87,268.66,240.08,101.895,96.34,98.62,93.76,119.575,218.115,244.05,226.53,117.15,146.52,241.97,144.58,212.435,381.115,370.78,196.33,195.9,145.87,146.32,108.14,100.705,89.32,127.01,147.87,166.88,98.465,105.7,137.435,119.29,113.76,105.28,124.09,220.92,174.5,103.51,81.25,264.395,165.94,116.88,151.28,169.18,216.73,237.94,195.74,118.55,89.42,120.155,139.88,188.38,176.26,114.83,78.58,46.185,54.74,80.13,153.97,180.445,117.15,98.715,106.46,111.475,65.825,32.88,34.62,65.42,56.38,40.87,76.52,113.085,49.16,92.52,95.86,99.26,86.545,47.795,45.36,42,29.24,48.79,40,39,57,70,61,83.52,65.805,36.1,50.84,69.805,42.395,63.44,57.24,59.985,76.59,64.275,53.05,62.45,129.15,56.76,57.93,41.71,37.3,53.46,80.22,47.24,35.47,53.6,41.07,36.64,31.59,43.65,33.05,17.33,28.41,30.7,17.94,15.06,13.63,19.885,25.6,17.99,20.64,26.94,15.33,12.47,18.89,20.295,15.81,39.61,21.29
"Jawaharlal Nehru Stadium, Delhi - DPCC",23.5,27,50,55,66,48,25,22,47,29.5,17,30,28,30,22,12,9,25,27,48,44,28,54,56,29,75,77,103,100,128,124,125,151,114,103,70,107.5,141,113,132,205,260,278,199,150,288,425,428,365,255,121,102.5,134,151.5,201,220.5,158,131,125,127,46.5,31,55,116,150,139.5,296,293,277,310,267,259,321,356,79,81,100,113,141,281.5,344,272,130,156,268,163,223,478,373,311,227,177,158,117,117,90,132,140,230,121,103,135,92,125,133,129,196,179,78,69,251,102,123,144,158,197,196,173,89,73,75,118,152,177,88,116,36,53,56,72,144,91,76,94,81,83,29,16,64,63,56,48,48,30,52,73,85,64,22,28,32,55,56.5,19,25,44,46,29,44,26.5,9,33,41,30,23,38,33,67,38.5,17,29.5,40.5,25,48.5,16.5,24,27,58,44,37,38,20.5,14,5,14.5,16,23,42,39.5,35,14,8,30,29,26,18,18,14,28,9,8,9,31,31
"Ashok Vihar, Delhi - DPCC",27,20.5,52,51.5,67,50.5,23,22,57,31,20,40,35,29,25,24.5,16,25,25,61,46,39,58,52,42,75,107,94,128,136,141,123,146,118,85,84,144,246,138,138,245,287,332,279,215,477.5,395,404,331,238,114,105,171,237,279,238,134,135,144,113,59,34,46,156,169,205,368,311,283,366,259,309,416,389,124,89,116,100,152,351,406,261,163,178,239,151.5,216,332,333,287,291,210,156,136,146,89,139,156,261,139,143,168,116,119,133,169,277,189,91,91,208,127,149,161,183,222,213,211,92,84,84,177,146,129.5,122,110,39.5,69,78,138,171,114,86,112,77,80,36,25,100,64,58,72,56,45,77,86,91,82,34,36,102,86,66,24,28,47.5,57,30,62,40.5,16,39,70,35,25,36.5,66,68,59,23,40,44.5,29,73,18.5,27,81,33.5,49,50,91,12,14,18,30,38,28,45,39,41.5,22,21,31,51,29.5,25.5,17,14,33,14,11,18,29,13
"Mundka, Delhi - DPCC",34,35,72,72,88,63,34,23,67,40,19,31,41,30,28,23,16,23,30,62,41,47,67,55,45,94,140,96,130.5,143,143,161,188,124.5,91,99,128,244,136,164,226,241,298,276,194,534.5,465,344,370,278,140,110,158,243,256,309.5,156,177.5,172,128,46,31,48,138,168,149,272.5,359,239,289,282,322,411,309,103.5,94,114,119,145,341,333,238,155,161,251,133,263.5,412,301,241,264,201,194.5,128,114,100,138,218,184,92,147,140,135,123.5,128,156,337.5,197.5,100,97,250.5,144,168,184,200,219,299,233,116.5,75,96,207,227,244,125,103,72,66,63,261,195.5,111,85,112,64,69,34,24,89,125,53,63,84,42,136,96,94,86,33,59,94,14,59,23,24,44,55,29,37,53.5,19,30,63,36.5,51.5,46,55,86,39.5,14.5,28.5,61,31,42,18,27,44,57,40,30,46,14,42,13,33,46,33,45.5,45,41,22,22,36,51,34,31,24,20,56,12,18,16,60.5,28
"Narela, Delhi - DPCC",39,31,48,64,80,55,36,24,51,34,19,50,31,30,24,24.5,19,27,47,57,42,34,57,51,39,88,114,89,92,157,135,162,175,151,108,80,136,177,135,162.5,204,244,320,304,202,350,317,228,248,215,99,79,180,238,266,294,73,146,164,50,100,34,48,130,176.5,163,310,252,228,208,168.5,218,335,328,84,63,78,75,117,269,334,179,132,127,189,114,156,318,285,209.5,210,168,147,99,92.5,74,116,149,202,99,96,177,117,105,108,133,267,133,74,69,173,130,132,169,155,183,161,177,92,88,106.5,175,156,158,133,119,52,56,65,167,193,124,81,94,91,91.5,30,20,52,58,56,52,62,38,79,94,111,135,75,18,99,99,69,36,40,56.5,68,35,105.5,52,27,45,47,47,33,75,63,84.5,66,33,39,80,44,62,25,36,47.5,59,45,28,35,12,25,19,40,41,31,47,29,18,21,29,33,48,19,24,24,23,39,14,23,27.5,57,31
"Sri Aurobindo Marg, Delhi - DPCC",27,27,44,58,68,53,32,27,50,34,14,28,25,28,23,12,11,19,28,46.5,39,29,42,41,29,59,85,74,79,110,90,111,133,108,84,83,101,132,110,105,175,223,240,190.5,125,309,366.5,396,317,230,134,47,105,123,160,191,128,127,93,112,31,31,51,86,103,107,238,241,182,218,144,201,245,282,103,58,85,101,132,240.5,265,208,155,147,211.5,164,194,284,233,233,166,158,156,103,121,79,117,119,197,108,89,132,83,112,127,123,168,152,77,61,178,100,88,134,145,153,149,156,100,68,70,100,124,97,96,96,34,50,56,97,122,88,74,69,60.5,69.5,24,17,48.5,53,48,34,46,34,52,58,77,56,23,28,19,50,41,63,22,47,48,31.5,34,35,24,19,44,35,33,40,27,63,63,22,38,61,36,43.5,25,28,25,67,39,27,41,17,26,13,25.5,34,20,40,40,40,18,9,25,33,28,24,19,19,28,13,9,12,34,23
"Patparganj, Delhi - DPCC",27,23,47,68,61,40,22,18,47,28,12,24,27,27,20,16,8.5,24,24,51,39,25,52,46,36,75,81,78,94,124,102,119,125,96,79,90,103,173.5,95,111.5,186,222,283,197.5,150,421,328,346,263,175,83.5,70,123,168,257,210,96,119,111,102,83,13,40,127,130,116,254,248,223,251.5,213,250,304,240,100.5,38,17,91,144,286.5,364.5,265,141.5,155,283,151,213,356.5,342,202,213,158,144,112,108,85,132,130,237,101,90,130,83,118,62,135,183,180,77,61,194,88,103,144,143,167,166,155,77,61,63,112,145,110,102,91,36,51,45,99,119,81,67,90,75.5,59,25.5,12,39,59,48,51,46,30.5,50,72,79,64,18,27,73,73,57,46,20,43.5,50,28,52,34,11.5,37,46.5,48,25,38,41,60,49.5,24,25,66,40,33,18,20,42,46,31,29.5,37.5,13,23,13,29,29.5,24,38,31,8,17,22,31,40,26.5,30,19,16,41,17,20,18,44,36.5
"Alipur, Delhi - DPCC",34,23,55,51,66,53,33,24,51,31,16,36,27,24,18,18,13,27,47,44,40,31,50,40,35,63,103,83,97,145,140,134,146,127.5,123,67,113,167,132,162,219,241,274,278,175,389,322,309,254,191,105,107,141,149.5,177,258.5,90,125,83,102,40,23,35,139,84.5,190.5,233,278,105,294,219.5,248.5,333,291,89,51,91.5,89,123,183,342,209,135,152,169.5,125,162,265,244,217,202,193,161,92,85,72,110,120,240,103.5,123,134,100,72,111,134,227,134,79,74,169,117,119,156,177,100,163,169,92,68,107,186,190,163,183,129,35,38,51.5,127,138,116,96,110.5,39,56,19,19,39,64,56,45,66,35,38,78,90,118,24,27,33,64,55,88,25,52,84,35,80,29,35,28,74,41,36,75,54.5,80,34,39,40,58,33,63,24,45,33.5,45,45,16,46.5,14,24.5,16,31,19,31,51,27,34,19,27,35,44,27,21.5,25,20,31,17,12,18,44,30
"Mandir Marg, Delhi - DPCC",17.5,14,52,50,74,59,29,24,54,32,15,25,32.5,30,25,18,17,26,29,39,39,31,60,63,47,72.5,95,103,90,122,107,112,122,92,95,85,113,174,109,117,178,240,285,233.5,145,414,385,392,281.5,192,89,103.5,110.5,144,215,171,122,111,114,117,39,28,44,106,131,159,289,225,235,146,200,238,253,257,96,68,81,82,130,290,336,230,145,150,269,146.5,187,351,153,203,212,172,154,153,113,82,115,109,180,100,100,133,88,106,115,119,178,172.5,72,67,163,97,95,114,123,138,134,123,61,61,83,116,130,138,125,106.5,37,82.5,58,90,134,90.5,75,96,73,85.5,34.5,21,55,61,56,45,57,36,50,82,76,88,27,33,34,46,48,36.5,17,46,56,26,18,30,4,29.5,42.5,35,34,44,49.5,66,62,25,34.5,90,32,49,25,30,44,58,44,22,45,17,21,17,18,35,28,36,31,23.5,13,32,17,27,21,9,9,6,20,7,11,9.5,37,5.5
"Nehru Nagar, Delhi - DPCC",28,32.5,55,63.5,74,46,31,23,54,36,20,45,28,34,28,13,12.5,30,28,48,50,40,58,52,41,96,78,107,114,150.5,113.5,161,160,118,95,72,129,205,134.5,168,229,288,310,217,208,415.5,437,447,381,243,108,115,157.5,195,268,266,174,155.5,174,141,95,36,67,180,157,170,357,332,335,380.5,300,294.5,353,270.5,97,93,134,166,168,304,376,339,212.5,187,331,234,289,501.5,466,388,279,218,202,124.5,153,147,167,216,280,175,156,181.5,144,158,167,191,218,266.5,103,88,362,178,144,228,196,274,244,194,95,78.5,82,131,190,185,135,113,45.5,64,66,123.5,170,95,88,112,88,76,30,20,77,64,53,55,46,34,64,86,106,75,30,29,73,62,61,39,30,52.5,51,35,52,30,15,33,50,46,19,45,38,69,47,22,28,48,35,52,18,28.5,29,65,34,26.5,41,17,30,12,24.5,33,26.5,52,36,47,22.5,16,35.5,39,34.5,40,28,20,39,14,12,19,42,166
"Dr. Karni Singh Shooting Range, Delhi - DPCC",20,25,48,61,63,44,24,20,73,23,14,28,19,28,22.5,12,6.5,22,41,35.5,47,33,51,45,38,75,95,84,89.5,115.5,91,119,135,114,59,94,107,162.5,123,118,171,247.5,263,200,205,374.5,394,384,334,245,79.5,63,123,157,250,150,132,120,77,89,54,31,62,88,121,144,271,266,177,285.5,217,250,247,313,74,64,116,88,136,299,361,262,107,219,351,180,226,184,259,194,213,125.5,112,125,147,108,138,108,187.5,123,91,139,91,118,140,101.5,186,262,61,76,329,78,121,140,140,205,197,158,81,73,72,113,92.5,101,80,102,34,47,60.5,105,139,85,96,67,50,62,30,17,34,69,52,56,78,40,72,57,74,41.5,28,29.5,6,64,46,52,25,47,49.5,30,44,24.5,16.5,51.5,41,29.5,27,46,40,58,48,22,36,42,22,48,19,24,40.5,58,38,23,28,12.5,14.5,8,36,28,22,34,29,5,13.5,8,28,28,24,17,20,16,25,18,8,11.5,35,29
"Bawana, Delhi - DPCC",45,46,75,77,96.5,73,47,31,70,47,41,74,48,40,38,34,28,29,47.5,70,50,45,76,68,56,101,132,97,143,134,156,188,182,167,140,99,180.5,200,176,221,267,267,309,343,249,462.5,449,301,333,308.5,140,77,188,273,272,276,116,155,153,139,56,36,72,178,201,213,318.5,309,296,293,213,327,401,254,99,81,100,111,152,252,344,224,157,144,215,144,193,355,281.5,294,261,202,202,129,123,91,132.5,175,200,113,114,147,125,114,123,150,299,169,90,111,216,184,226,172,215,233.5,202,222,119,106,136,206.5,240,256,189,94,58.5,62,91,162,204,168,92,129,119,90,42,30,81,81,63,58,85,58,83,99,94,130,44,47.5,99,111,85,73,47,66,77,38,261,30,26.5,66,63,55,63.5,103,73,78,83,32,42,70,35,48,35.5,46,42,73,46,26,39,14,39,13,33,29,34,57,52,41,25,36,38,52,39,30,27,27,52,35,18,25,54.5,33
"CRRI Mathura Road, Delhi - IMD",25.15,31.31,52.075,82.735,68.83,46.34,30.3,24.89,57.51,22.765,15.72,33.23,26.94,35.33,23.83,15.16,14.485,26.97,26.235,43.96,47.92,41.5,66.2,63.385,49.09,45.44,99.145,108.69,116.08,138.44,127.88,155.3,129.065,110.19,89.83,78.735,120.155,182.67,103.48,118.39,107.89,241,284.83,301.03,189.19,374.34,391.94,378.09,311,171.71,83.08,85.625,116.445,153.86,232.38,198.22,118.11,103.925,116.235,104.73,48.115,25.08,45.26,97.915,106.33,121.3,256.65,218.77,251.05,245.325,196.33,235.82,298.975,237.88,75.48,59.575,86.035,70.18,127.355,205.695,292.65,241.295,126.61,154.39,226.49,141.84,179.745,441.375,400.1,208.09,226.29,190.75,155.495,108.465,115.495,87.235,125.48,123.13,209.61,113.64,103.53,108.985,119.75,142.06,133.36,130.72,178.55,168.575,68.87,70.205,341.87,163.875,121.7,183.57,149.85,203.23,221.285,169.44,81.9,61.065,77.38,108.47,121.05,136.54,137.72,105.85,43.12,53.12,61.965,101.41,109.21,79,69.31,95.795,80.86,109.435,31.855,22.685,45.33,64.09,51.555,55.255,50.76,33.115,60.94,71.75,87.08,65.02,25.9,31.39,31.675,61.07,60.375,30.395,24.18,51.7,51.86,32.285,57.68,41.1,24.195,38.885,59.25,43.54,32.51,58.75,56.23,84.42,65.35,33.36,39.56,53.025,31.98,47.42,25.07,32.815,51.05,72.59,46.01,25.215,44.05,21.04,26.34,28.285,20.23,36.44,28.205,43.505,34.49,18.03,12.405,17.84,35.46,43.91,29.05,29.06,24.89,17.205,40.63,15.87,11.92,19.235,49.355,24.42
"IHBAS, Dilshad Garden, Delhi - CPCB",21.15,20.95,50.1,51.9,43.6,40.1,22.95,15.6,38.35,17,16.7,35.65,30.5,29.8,23.4,20.7,14.35,30.7,27.6,54,33.9,34.4,38.1,54.1,34,52.25,94.3,76,92.3,137.95,115.55,118.3,134.3,115.1,86,83.3,96.85,121.95,76.6,76.1,188.1,204.9,277.95,255.9,116.9,270.9,272.1,248.2,264,136.1,60.7,77.8,84,125.1,185.5,151.2,84.2,63.5,70.7,84.1,69,25.75,42.25,72.4,94.5,134.6,304.4,169.4,153.9,180.9,132.35,179.65,225.95,255.7,71.1,47.1,64.3,62.9,109.9,173.2,317.4,212.1,128.4,149.35,263.8,145.9,177.8,257.9,272.9,104.2,200.4,142.4,69,86.25,94.65,62.3,99.4,88.6,205,98.9,93.6,106.25,87.5,91.05,99,126.65,184.2,158.4,53.95,55.5,177.1,118.8,85.6,153.4,123.2,134.2,124.1,105.05,73.3,64.25,53.5,117.6,130.5,87.7,148.1,103.9,43.25,36.8,56.2,114.05,148.5,112.5,78.2,117.7,82.7,85.2,25.25,18.5,46.7,58.3,51.9,67.4,81.8,20.2,58.9,72.3,103.25,80.4,11.25,10.8,11.5,11.85,11.35,11.1,11.8,43.8,54.8,27.6,53.7,46.3,20.3,38.4,78.7,40.8,47.9,37.3,75.5,52.7,82.65,39.8,33.3,61.1,38.2,42.8,26.5,25.1,52.3,82.2,92.25,54,80.3,16.2,106.8,15.2,77.6,45.8,36.3,25.6,24.6,20.3,17.4,23.2,21.5,26.1,17.7,18.6,20.8,13.85,37.6,19.1,17.9,19.4,27.05,17.5
"Major Dhyan Chand National Stadium, Delhi - DPCC",29,27,51,57.5,69,48,24,22,50,30,19,33,33,33,25,17,7,27,29,55,41,28,45,41,36,81,84,99,85,114,106,115,125,105,63,86,105,149,118,133,188,199,273,219,140.5,265,338,374,271,197,90.5,77,110,116.5,158,146,134,119,128,106,49,27,47,83,97,107,197,222,200,223,153,183,194,176.5,78.5,53,84,27,41,68,326,255,147,162,282.5,160,223,280,318,325,132,179,188,136,130.5,107,141.5,125,245,151,118,135,95,121,128,169,204,197.5,79,73,227,101,122,152,144,188,182,158,80,69,70,121,122,132.5,105,112,41,56,62,92,138,91,78,89,61,67,34,19,56,63,51,45,44,38.5,52,69,77,66,24,23,49.5,52,62,51,26,53,49.5,28,17.5,30,16,38,39,42.5,25.5,45,44,77,47,28,27.5,46,35,50.5,23,30,30,51,50,25.5,35,20.5,20,11,28,30.5,29,47,37,19,14,14,30,31,29,23,22,16,33,17,14,19,42.5,40
"Rohini, Delhi - DPCC",40,42,61,77,77,59,33,28,70,36,29,59,46,29,31,27,25,19.5,31,70,42,50,62,51,45,100,117,89,124,150,155,189,156,147,87.5,92,163,226,150,158,257,280,326,279,229,510,483,370,374,285,136,146,183.5,271,315,280,151,169,180,147.5,83,39,68,211,208,186,414,381,233,433,316,337,451,337,111.5,97,121,97,166,399.5,409,243,157,167,250,153,194,364,382,359,315,226,191,145.5,123.5,100,141,194,227,119,131.5,162,133,117,131,151,318,179,111,114,251,160,193,183,227,277,235,217,133,105,116,219.5,276,173,139,113,53,75,74,175,223,133,89,77,92,92.5,39,29,92,179,51,61,65,45,75,101,108,129,47,46,102,105,80,23,33,59,66,40,122,51,18,30,71,42,28,47,67,72.5,51,27,38,63,37,81,28,38,70,45,50,24,48,29,32,18,33,42,27.5,46,48,14,24,34,39,53.5,33,31,24,19,61,20,18,39,37.5,39
"Jahangirpuri, Delhi - DPCC",38,37,58,64,75,55,35,25,69,41,23,53,38.5,29,25,24,20,34,33,55,58,50,70,71,55,86,124,109,117,144,130.5,150,149,139,64,83,152,211,161,157,245,276,305,248,183,393,404.5,359,318.5,223,107,175,262,213,223,202,115,171,163,118,77,33,48.5,175,179,217,361.5,283,298,328,229,264,392,255,95.5,110,129,164,185,274,400,300,254.5,217,222,229,226,414,344,307,316,235,195,134,124,141,173,185,265,157,151,172,149,135,164,168,289,213,53,135,184,145,162,183,228,245,243,206,127,95,104,221,119,125,199,110,33,50,72,156,180,106,77,110,108,63.5,34,20,81,134,50,53,81,34.5,56,81,75,101,53.5,40,55,77,66,52,25,48,55,30,81,37.5,18,25,63,44,46.5,50,58,72.5,36.5,31,24,34,41,84,21,30,52,52,32,23,39.5,10.5,27.5,19.5,31,45,23,45,38.5,49.5,25,53,62,47,25,33,24,25,52,26.5,17,13,29,36.5
"Shadipur, Delhi - CPCB",35.7,32.07,47.24,68.72,111.15,52.52,20.48,24.235,36.595,28.28,20.325,29.945,37.205,27.07,46.96,29.43,22.115,15.86,40.81,61,36.84,33.41,58.2,55.37,43.505,85.655,118.92,98.63,90.6,125.14,109.18,105.45,105.175,83.05,71.81,62.22,87.515,152.59,95.24,97.11,146.25,180.56,205.89,158.68,135.85,245.88,276.11,274.73,270.05,140.1,77.47,76.64,98.11,129.91,198.57,145.26,85.02,78.76,106.83,99.87,50.04,25.42,47.44,118.14,121.42,114.21,221.29,185.76,223.43,232.47,196.14,222.3,258.14,259.6,75.1,53.4,55.65,58.95,66.81,208.025,305.76,227.74,120.35,126.99,225.99,129.51,171.285,376.8,378.84,319.655,269.29,194.06,176.49,159.31,77.31,46.8,87.49,99.15,165.94,95.01,69.19,90.71,103.57,111.105,88.87,113.03,192,179.155,73.17,72.3,204.3,119.945,106.385,135.91,149.655,163.49,175.2,145.89,78.65,67.16,63.95,102.5,157.125,154.11,149.39,64.8,49.02,65,67.1,110.03,151.56,91.4,84.63,100.49,55.76,38.37,17.065,16.09,33.39,46.875,34.15,41.72,45.82,21.96,34.51,50.44,61.59,53.56,14.665,17.725,16.46,19.07,17.42,13.69,13.28,37.63,30.78,22.31,29.925,43.08,15.09,15.56,77.14,15.22,29.41,20.22,28.31,41.27,40.15,20.15,21.98,41.89,26.275,28.97,20.19,16.38,23.2,29.83,26.7,18.155,22.4,15.915,14.88,25.18,29.17,35.51,19.42,30.92,35,44.43,27.51,19.96,26.17,47.81,29.68,34.35,34.14,21.63,27.86,31.15,24.2,19.78,32.64,28.49
"Lodhi Road, Delhi - IMD",28.275,25.025,56,67.155,77.37,58.5,29.69,27.07,85.685,31.97,22.985,28.45,40.48,26.06,36.99,9.75,10.965,20.06,28.22,50.93,36.39,37.115,49.555,50.04,32.28,64.65,80.92,100.62,93.44,110.42,111.57,115.925,138.445,101.695,95.11,84.6,89.215,134.395,111.65,149.46,178.98,232.54,263.63,273.47,126.3,278.745,342.27,328.79,635.24,197.42,90.9,79.62,99.44,109.71,162.01,161.76,118.2,88.31,114.37,83.255,26.5,25.66,42.96,108.99,115.91,89.6,192.94,226.26,132.155,223.82,156.84,152.6,181.79,253.98,87.48,44.82,64.66,65.77,110.72,187.255,255.97,193.1,118.63,179.555,253.205,151.22,165.55,455.48,102.37,175.28,163.79,104.84,131.11,102.585,94.73,52.3,70.15,105.62,166.96,82.99,83.24,104.14,69.01,83.49,91.785,95.62,136.895,144.205,52.195,54.25,188.64,92.35,82.11,104.15,92.665,118.22,120.92,110.715,59.8,50.95,52.475,70.35,85.3,91.045,107.725,89.67,28.86,47.71,53.48,75.85,98.68,89.075,73.8,70.66,64.24,76.19,29.21,15,30.61,52.83,49.555,39.275,44.935,29.76,46.455,54.79,76.51,60.395,25.19,42.895,19.67,4.63,23.25,10.43,6.72,49.37,23.76,5.17,47.83,25.14,8.9,33.555,53.61,47.41,38.72,34.725,58.89,96.135,90.315,31.535,41.66,51.195,36.025,61.58,35.335,44.11,67.38,51.31,53.34,24.705,31.265,21.92,26.9,20.465,22.91,37.82,32.94,50.385,50.705,36.16,25.24,26.84,37.415,59.45,36.4,25.99,20.035,18.765,37.8,26.15,20.47,24.205,60.09,21.17
US Diplomatic Post: New Delhi,27,28,51.5,56,75,51.5,28.5,25,53.5,33,21,30,30,30,25,16,13,29.5,31.5,51,47,33.5,47,45.5,37.5,60.5,93.5,116.5,59,59,59,85,132,108,96.5,83,109.5,137,108,122.5,197.5,211,256.5,268,195,331,391,396.5,345.5,194.5,105,95.5,126,125.5,165,175,132.5,122,100.5,103.5,48.5,32,48,143,129.5,115,241.5,265,287,256,216,240,264,265,117.5,78.5,98,90,145,291.5,315,280,147,198,302,163.5,222,344.5,271.5,226,215,178.5,158,118.5,118.5,94,141,167,198,110.5,108.5,155.5,110.5,125,141.5,138,210.5,189,81,72,210,136,129,146.5,172.5,187,184,178.5,93.5,72.5,81.5,110,138,125,120.5,111,38,56.5,60,121.5,133.5,96.5,83.5,82,75.5,77,28.5,18.5,59,66.5,56,48,60,36.5,62.5,74,76.5,67.5,26.5,34.5,22,45.5,50.5,25,26.5,49,57,35.5,47,37.5,26.5,39.5,50,32,32,26,35.5,62,50,30.5,35.5,63,31,34.5,22,28.5,37,67.5,43.5,22.5,41,14,20,10,28,32,28,43.5,39.5,14,22.5,15.5,30,36,23.5,20.5,20,14,29.5,21,11.5,23.5,38,16
"R K Puram, Delhi - DPCC",34,46,69,65.5,70,55,31,29,53,36,31,44,40,38,24,16,14,23,27.5,48,46,34,55,46,36,68,75,72,72,90,75,70,97,88,49.5,78,89,88,83,90,92,219,226,145,151,310,355,328,271,152,83,103,106,124,156.5,169,117,96,116,105,47,24.5,39,95,94,95,196,233,235,224,185,205,238.5,218,87.5,58,79,74,105,228,233,200,108,135,221,116,160,455,324,212,140,122,129,70,82.5,68,111,117,166,98,61,94,83,96,108,94,138,134,57,48,221,90,92,111,161,156,158,156,70,56,69,88,129,118,70,72,29,45,52,119,130,69,58,64,74,63,27,16,46,58,36,36,53,27,61,57,75,59,18,43.5,48,59,56,35,22,38,38,28,28,31,9,24,25,18,16,19,25,35,30,18,18,46,23,14,11,11,26,42,26,19,23,13,8,17,33,33,17.5,29,24,18,7,5,11,17,16,19,14,12,16,16,14,8,25,14
"Wazirpur, Delhi - DPCC",79,34,61,63,85,70,39,30,66,50,31,34,89,58,44.5,35,28,57,42,67,50,45,64,53,46,94,104,96,134,168,145,139,162,145,95,91,123.5,245.5,136,169,283,298,349,300,222,571,401,395,343,243,121,108,197,257,236.5,241,143,157.5,150,136,51,50,55,175,193,211.5,360,321,205,407,246,305,472,327,125,110,114,116,174,398,447,276,169,177,283,156,214,378,401,342,232,219,215,173,152,103,165,195,273,128,128,172,145,134,158.5,182,304,221,103,103,189,121,144,157,188,228,213,180,113,96,96,185,152,146,118,125,52,62,81,164,193,135,97,138,89,90,47,40.5,80,74,66,69,84,50,69,87.5,103,83,34,36,77.5,107,66,61,28,54.5,56,33,101,44,16,23,42,48,31,45,63,68,48,27,39,62,33,75,31.5,35.5,31,69,51,33,59,22,28,17,29,38,36,51,45,52,28,31,41,51,41,25,24,17,38,28,18,20.5,42,34
"Punjabi Bagh, Delhi - DPCC",30,33,51,59,80,72,27,24,55,33,20,28,29,38,28,24,13,16,40,52,40,28,51,38,41,78.5,96,80,102,128,130,119,135,107,96,75.5,130,204,107,114,216,271,306,241,133.5,392.5,390,385,295,223,104,105,133,206,223,193,122,114,130,119,34,30,47.5,128.5,136,150,305,234,244,311,191.5,237,328,226,88,75,92,77,124,323,331,213,130,152,257,130,167,382,350,311,271,164,141,114,112.5,69,127,125,174,99,96,133,99,110,116,135,232,176.5,79,73,162,101,101,133,156,178,167,156,81,78,69,141,191,163,95,94,34,52,64,142,167,89,73,92,89,77,9,22,58,55,58,53.5,58,30,56,74,89,73,28,39,16,117.5,70,38,25,51.5,53,29,44,32.5,18,38,81,33.5,55.5,43,55.5,96,47,28,45,44,30.5,47,22,33.5,53,67,52,42,59,19,28,18,28,45,35,45,42,33.5,28,20,33,42,34,22,23,18,41,30,24,25,72.5,25
"DTU, Delhi - CPCB",44.625,38.77,62.11,77.68,84.67,62.07,37.31,28.85,67.12,42.95,33.57,62.77,46.73,29.89,30.2,31.13,27.18,34.16,34.91,78.61,42.98,44.39,63.26,55.8,43.31,94.8,119.8,116.22,113.5,138.5,147.995,151.15,142.67,165.8,124.5,78.14,167.91,212.1,161.5,149.035,253,271.79,290.49,295.55,176.605,424.66,442.3,392.9,484.2,229.96,122.3,160.25,166.145,221.03,257.8,227.05,134.67,128.5,154.1,142.645,54.47,33.46,47.74,175.2,219.955,156.1,367.7,284.1,299.1,320.38,208.53,303.8,346.4,319.23,94.525,86.03,100.5,95.02,146.05,297.1,354.6,227.5,149.9,157.1,253.5,144.81,169.6,301,210.2,260.36,268.8,195.025,169.665,129.76,113.99,80.985,132.6,172.8,191.1,95.36,123.4,145.41,135.085,97.315,132.71,156.3,295.3,162.205,96.545,124.18,209.405,172.7,159.895,145.9,191.19,140.53,201.4,192.2,119.1,96.23,127.85,218.3,285.5,168.1,140.8,107.5,39.29,57.245,71.78,163.725,201.6,120.3,84.62,104.295,103.495,96.675,35.58,27.33,77.27,59.05,55.88,60.48,86.22,40.97,90.83,106.57,112.485,129.1,87,41.94,49.62,86.04,63.985,19.06,22.79,50.23,56.95,32.29,36.885,38.17,15.76,32.19,60.89,30.165,26.845,47,38.89,64.33,63.58,33.08,33.4,65.7,43.18,46.82,24.525,33.67,46.74,60.63,45.78,17.73,49.07,23.9,23.455,21.3,36,42.9,33.34,41.255,39.61,29.95,20.49,29.28,34.79,58.645,34.49,35.91,25.835,17.005,49.72,17.35,18.14,20.89,43.61,29.32
"Dwarka-Sector 8, Delhi - DPCC ",35,29,53,67,81,62,36,30,58,36,18,41,31.5,36,31,19,14,34,41,64,44,33,65,59,46,89,90,85,125,132,140,158,163,125,94,97,122.5,167,129,134,202.5,266,280,220.5,184,436,464,453,365,274,128,113,127,177.5,249,230,147,151,160.5,105,70,35,53,135,138,151.5,267,326,291.5,269,296,253,311,301,103,94,108,94,142,385,291.5,249,166,172,280,194,212.5,520,547,279,229.5,197,201,112,128,89,140,166,192.5,98.5,122,162,128.5,146,130,139,237,186,95,77,284,141,149,162,188,248,273,225,113,91,129,125,162,175,105,96,44,66,77,168.5,169,113,85,101,85,78,32,20,91,66,50,55,64,41,103,82.5,94,77,34,37,55,89,58,24,23.5,49,56,33,63,36,15,26.5,45,28,19,40,42,64,44,30,33.5,48,30,46,20,24,38,66,45,24,44.5,25,18,11,27,38,23,46,38,40,22,12,36,44,34,25,19,17.5,35,25,16,19,53,35
"Najafgarh, Delhi - DPCC",23.5,27,50,55,72,53,23,25,36,30,13,25,17,25,23.5,13,7,18,27,42,31,27,50,52,41,69,96,64,91,102,102,112.5,133,117,128,103,75,137,127,113,182,172,215,188,134,268.5,379,378,317.5,262.5,99,69,90,136,233,197,149,132,141,122,73,30,51,94,106,127,170,248,180,160,172,168,200,235,97,89,85,74,101.5,132,185,179,119,134,175,112,177,228,244,147,135.5,178,133,95,89,68,78,118,147,75,69.5,96,95,105,103,96,153,130,75,51,183,133,79.5,143,117,133,122,162,111,129,113,106.5,151,99,107,81,35,70,114,110,63,92,70,85.5,143,59,27,16,33,48,44,38,67,59,66,66,86.5,61,16,50,79,35.5,57,25,14,51,53,24,57,50.5,9,31.5,27,34.5,31,36,38.5,67,35,18.5,27,53,28,48,18,27,30,61,42.5,33,51,14,40,29,33,50.5,23,77,51,46,48.5,24,42,50,40.5,22,22,13,20,16,11.5,15.5,75,14
"ITO, Delhi - CPCB",37,33,58,69,77.5,59,34,31,53.5,41,24,37,27,39,33,23,19,40,35,67.83,47.59,39.29,53.605,50.35,40.59,85.37,69.95,30.605,112.79,125.215,125.18,130.27,138.45,113.895,88.78,72.57,105.26,180.19,126.065,135.405,200.425,240.13,276,234.5,163,356,383,397,324,197,84,94.5,115,157,233,198.5,125.5,111.5,133,112.5,62,36,52.5,119.5,140,155,270,212,214,228,156,218.5,273.5,277,87.5,73,89,80.5,129,282,311,237,172.5,195,267,149,192,382,429.5,228,245,166,142,120.5,105,84.5,108.5,107.5,200,145,111.5,128,92,116.5,121,142.5,188.5,211,82,30.5,198,155,111.5,158,167,129,100.5,164,77,67.5,69,118,120,123,134,122,50,261,149,189.5,116,127,95,110.5,92,110.5,39,19,35,68,82.5,68,46,57,69.5,102,99,93,39,37,18,107,115,80,57,58,72,41,66.5,57,37.5,57.5,92,92.5,89.5,92,93,152,118,51,53,68,35.5,76.5,29.5,50,53,100,72.5,50.5,62,45,41,30,46,73,51,67,59,55,7.5,29,42.5,53,66,35,37,31,53,32.5,32,33,65.5,42
"Aya Nagar, Delhi - IMD",12.4,16.815,25.08,36.43,54.46,62.36,34.005,37.755,73.8,27.98,20.31,21.93,40.865,27.98,32.02,12.13,11.92,25.925,28.94,46.995,40.95,37.56,56.33,44.3,45.59,64.21,83.53,74.93,85.055,107.35,111.11,124.205,140.86,121.54,98.79,72.56,91.445,137.58,116.81,118.49,162.15,235.56,254.91,200.725,126.59,361.62,212.175,213.17,212.85,111.325,48.71,46.19,70.725,111.67,193.23,184.995,114.33,111.29,93.95,111.24,36.15,27.57,45.16,87.865,91.52,111.94,192.99,236.19,218.725,213.245,173.195,193.33,260.755,262.27,80.565,59.215,71.98,70.89,115.62,174.825,192.14,167.73,113.265,132.94,211.37,129.32,190.07,321.825,159.12,123.59,152.465,131.915,126.8,91.86,91.915,64.07,87.12,97.51,148.645,66.15,88.82,100.78,64.92,87.7,79.245,70.275,116.76,126.18,44.74,39.08,139.755,99.88,77.94,106.595,109.09,142.35,157.93,140.96,54.85,63.585,45.41,75.07,99.32,56.24,45.11,67.035,35.69,46.785,54.095,67.52,105.185,80.45,65.35,65.42,62.025,70.835,17.75,20.03,41.055,26.81,47.11,33.98,47.83,32.25,61.025,58.95,73.36,43.18,21.89,14.57,33.21,33.34,33.76,23.545,24.34,54.53,48.79,31.46,5.82,16.8,4.57,29.705,28.715,31.34,30.91,52.47,38.04,55.32,44.82,30.985,36.355,42.485,24.82,38.54,21.65,27.06,30.93,48.72,26.33,27.74,12.89,12.72,23.02,17.33,18.74,44.245,27.875,40.48,52.73,12.29,16.07,13.735,29.315,51.605,30.315,19.95,20.58,13.31,23.55,10.07,12.93,18.455,38.765,16.79
"IGI Airport (T3), Delhi - IMD",23.19,27.53,49.87,63.34,77.485,61.105,36.72,22.465,47.28,34.675,19.26,32.575,31.43,33.83,32.86,17.86,16.74,20.815,29.42,52.045,42.17,35.35,57.01,52.31,41.73,73.91,66.22,76.04,94.84,110.46,87.64,116.255,104,59,24.1,32.57,123.31,139.645,107.95,129.88,172.775,250.38,254.6,306.84,111.905,389.64,398.86,347.25,322.86,215.535,95.9,67.55,93.625,116.41,176.97,171.51,114.57,105.41,101.08,83.27,33.21,36.86,44.29,96.855,105.64,112.45,204.375,262.67,227.575,244.635,194.61,213.455,244.65,206.05,77.3,63.91,70.255,71.6,97.02,245.22,218.85,183.43,136.5,162.52,229,153.945,172.535,190.375,237.05,173.69,187.77,152.02,149.8,98.035,88.81,62.755,83.97,110.69,126.77,71.895,82.16,112.69,88.56,109.895,93.82,101.62,138.875,134.63,63.23,54.61,182.15,123.14,107.25,129.1,99.27,93.745,185.44,129.27,35.15,33.735,48.36,95.23,124.82,101.78,71.585,73.42,31.96,52.9,61,80.08,122.14,80.795,74.005,76.655,69.53,67.52,27.76,16.86,47.49,46.96,49.09,40.89,42.59,36.75,74.245,61.19,79.265,60.04,25.29,24.74,19.64,47.58,45.83,25.495,24.215,52.34,54.94,38.125,81.56,33.07,26.655,39.01,62.225,46.23,25.52,10.86,47.37,44.775,37.46,30.14,36.13,54.58,29.22,40.965,24.48,26.035,31.805,66,45.5,24.86,45.295,20.795,22.465,20.79,30.255,40.72,30.3,45.775,43.93,18.27,18.66,9.56,33.18,45.8,34.5,25.41,20.515,18.12,37.93,19.355,17.84,16.735,54.29,21.36
