xmin,ymin,xmax,ymax,%water,%builtup,%greencover,%others
76.88740586,28.559555,76.89250847,28.564005,0,0,0,1
76.89250847,28.559555,76.89761108,28.564005,0,0,0,1
76.89761108,28.559555,76.90271369,28.564005,0,0.650449383,0,0.349550617
76.90271369,28.559555,76.90781629,28.564005,0,0,0,1
76.90781629,28.559555,76.9129189,28.564005,0,0.610518519,0,0.389481481
76.9129189,28.559555,76.91802151,28.564005,0,0.644296296,0,0.355703704
76.91802151,28.559555,76.92312412,28.564005,0,0.565565432,0,0.434434568
76.92822672,28.559555,76.93332933,28.564005,0,0.633955556,0,0.366044444
76.92312412,28.559555,76.92822672,28.564005,0,0,0.169654321,0.830345679
76.93332933,28.559555,76.93843194,28.564005,0,0,0,1
76.93843194,28.559555,76.94353455,28.564005,0,0.151274074,0.119876543,0.728849383
76.94353455,28.559555,76.94863716,28.564005,0,0,0,1
76.94863716,28.559555,76.95373976,28.564005,0,0,0,1
76.95373976,28.559555,76.95884237,28.564005,0,0,0,1
76.95884237,28.559555,76.96394498,28.564005,0,0,0,1
76.96394498,28.559555,76.96904759,28.564005,0,0.009584,0.068612,0.921804
76.96904759,28.559555,76.97415019,28.564005,0,0,0.170932,0.829068
76.97415019,28.559555,76.9792528,28.564005,0,0,0.271272,0.728728
76.9792528,28.559555,76.98435541,28.564005,0,0,0.082096,0.917904
76.98435541,28.559555,76.98945802,28.564005,0,0,0.049248,0.950752
76.98945802,28.559555,76.99456063,28.564005,0,0,0.043688,0.956312
76.99456063,28.559555,76.99966323,28.564005,0,0.223316,0.126136,0.650548
76.99966323,28.559555,77.00476584,28.564005,0,0.743588,0.032688,0.223724
77.00476584,28.559555,77.00986845,28.564005,0,0,0.117088,0.882912
77.00986845,28.559555,77.01497106,28.564005,0,0,0.046348,0.953652
77.01497106,28.559555,77.02007366,28.564005,0,0,0.152012,0.847988
77.02007366,28.559555,77.02517627,28.564005,0,0,0.197312,0.802688
77.02517627,28.559555,77.03027888,28.564005,0.041936,0,0.30082,0.657244
77.03027888,28.559555,77.03538149,28.564005,0,0,0.69666,0.30334
77.03538149,28.559555,77.0404841,28.564005,0,0,0.551644,0.448356
77.0404841,28.559555,77.0455867,28.564005,0,0,0,1
77.0455867,28.559555,77.05068931,28.564005,0,0.669848,0,0.330152
77.05068931,28.559555,77.05579192,28.564005,0,0.119544,0,0.880456
77.05579192,28.559555,77.06089453,28.564005,0,0.037832,0.113504,0.848664
77.06089453,28.559555,77.06599713,28.564005,0,0,0,1
77.07109974,28.559555,77.07620235,28.564005,0,0.034008,0.10788,0.858112
77.06599713,28.559555,77.07109974,28.564005,0,0,0.267264,0.732736
77.07620235,28.559555,77.08130496,28.564005,0,0,0.340708,0.659292
77.08130496,28.559555,77.08640757,28.564005,0,0,0,1
77.08640757,28.559555,77.09151017,28.564005,0,0,0.030552,0.969448
77.09151017,28.559555,77.09661278,28.564005,0,0,0.339188,0.660812
77.09661278,28.559555,77.10171539,28.564005,0,0,0.1033,0.8967
77.10171539,28.559555,77.106818,28.564005,0,0,0.12232,0.87768
77.106818,28.559555,77.11192061,28.564005,0,0,0.002328,0.997672
77.11192061,28.559555,77.11702321,28.564005,0,0,0.07778,0.92222
77.11702321,28.559555,77.12212582,28.564005,0,0,0.127488,0.872512
77.12212582,28.559555,77.12722843,28.564005,0,0,0.362116,0.637884
77.12722843,28.559555,77.13233104,28.564005,0,0.013648,0.264868,0.721484
77.13233104,28.559555,77.13743364,28.564005,0,0,0.21512,0.78488
77.13743364,28.559555,77.14253625,28.564005,0,0,0.302124,0.697876
77.14253625,28.559555,77.14763886,28.564005,0,0.145304,0.558752,0.295944
77.14763886,28.559555,77.15274147,28.564005,0,0.027812,0.662312,0.309876
77.15274147,28.559555,77.15784408,28.564005,0,0.039796,0.024264,0.93594
77.15784408,28.559555,77.16294668,28.564005,0,0.57466,0.041036,0.384304
77.16294668,28.559555,77.16804929,28.564005,0,0.298164,0.21262,0.489216
77.16804929,28.559555,77.1731519,28.564005,0,0,0.103252,0.896748
77.1731519,28.559555,77.17825451,28.564005,0,0,0.159108,0.840892
77.17825451,28.559555,77.18335711,28.564005,0,0.007588,0,0.992412
77.18335711,28.559555,77.18845972,28.564005,0,0,0.076592,0.923408
77.18845972,28.559555,77.19356233,28.564005,0,0.178116,0.058808,0.763076
77.19356233,28.559555,77.19866494,28.564005,0,0.566744,0.065392,0.367864
77.19866494,28.559555,77.20376755,28.564005,0,0.476012,0.132904,0.391084
77.20376755,28.559555,77.20887015,28.564005,0,0.544808,0.012036,0.443156
77.20887015,28.559555,77.21397276,28.564005,0,0.47734,0,0.52266
77.21397276,28.559555,77.21907537,28.564005,0,0.330372,0.046012,0.623616
77.21907537,28.559555,77.22417798,28.564005,0,0.060116,0.186152,0.753732
77.22417798,28.559555,77.22928058,28.564005,0,0.018736,0,0.981264
77.22928058,28.559555,77.23438319,28.564005,0,0.087608,0,0.912392
77.23438319,28.559555,77.2394858,28.564005,0,0.25854,0,0.74146
77.2394858,28.559555,77.24458841,28.564005,0,0.5145,0.04742,0.43808
77.24458841,28.559555,77.24969102,28.564005,0,0.570084,0.028628,0.401288
77.24969102,28.559555,77.25479362,28.564005,0,0.216012,0.12866,0.655328
77.25479362,28.559555,77.25989623,28.564005,0,0,0.132792,0.867208
77.25989623,28.559555,77.26499884,28.564005,0,0.1441,0.036196,0.819704
77.26499884,28.559555,77.27010145,28.564005,0,0.044692,0.082652,0.872656
77.27010145,28.559555,77.27520405,28.564005,0,0,0.05344,0.94656
77.27520405,28.559555,77.28030666,28.564005,0,0,0.153584,0.846416
77.28030666,28.559555,77.28540927,28.564005,0,0,0.379152,0.620848
77.28540927,28.559555,77.29051188,28.564005,0,0,0.480184,0.519816
77.29051188,28.559555,77.29561449,28.564005,0,0.177248,0.411272,0.41148
77.29561449,28.559555,77.30071709,28.564005,0,0,0,1
77.30071709,28.559555,77.3058197,28.564005,0,0,0.486584,0.513416
77.3058197,28.559555,77.31092231,28.564005,0,0,0,1
77.31092231,28.559555,77.31602492,28.564005,0,0,0.126944,0.873056
77.31602492,28.559555,77.32112752,28.564005,0,0.026132,0.043488,0.93038
77.32112752,28.559555,77.32623013,28.564005,0,0.04076,0.027412,0.931828
77.32623013,28.559555,77.33133274,28.564005,0,0,0.812576,0.187424
77.33133274,28.559555,77.33643535,28.564005,0,0,0.358316,0.641684
77.33643535,28.559555,77.34153796,28.564005,0,0,0.062684,0.937316
77.34153796,28.559555,77.34664056,28.564005,0,0,0.361428,0.638572
77.34664056,28.559555,77.35174317,28.564005,0,0.071588,0.198632,0.72978
76.846585,28.555105,76.85168761,28.559555,0,0,0,1
76.85168761,28.555105,76.85679022,28.559555,0,0,0.074123457,0.925876543
76.85679022,28.555105,76.86189282,28.559555,0,0,0,1
76.86189282,28.555105,76.86699543,28.559555,0,0.400454321,0.016192593,0.583353086
76.86699543,28.555105,76.87209804,28.559555,0,0,0,1
76.87209804,28.555105,76.87720065,28.559555,0,0,0.006711111,0.993288889
76.87720065,28.555105,76.88230325,28.559555,0,0,0.03562963,0.96437037
76.88230325,28.555105,76.88740586,28.559555,0,0,0,1
76.88740586,28.555105,76.89250847,28.559555,0,0,0.10771358,0.89228642
76.89250847,28.555105,76.89761108,28.559555,0,0.543461728,0.068814815,0.387723457
76.89761108,28.555105,76.90271369,28.559555,0,0.011841975,0,0.988158025
76.90271369,28.555105,76.90781629,28.559555,0,0,0,1
76.90781629,28.555105,76.9129189,28.559555,0,0,0,1
76.9129189,28.555105,76.91802151,28.559555,0,0,0,1
76.91802151,28.555105,76.92312412,28.559555,0,0,0,1
76.92312412,28.555105,76.92822672,28.559555,0,0.721688889,0,0.278311111
76.92822672,28.555105,76.93332933,28.559555,0,0.768923457,0,0.231076543
76.93332933,28.555105,76.93843194,28.559555,0,0,0,1
76.93843194,28.555105,76.94353455,28.559555,0,0,0,1
76.94353455,28.555105,76.94863716,28.559555,0,0.711940741,0,0.288059259
76.94863716,28.555105,76.95373976,28.559555,0,0,0,1
76.95373976,28.555105,76.95884237,28.559555,0,0.813316,0,0.186684
76.95884237,28.555105,76.96394498,28.559555,0,0,0.041648,0.958352
76.96394498,28.555105,76.96904759,28.559555,0,0,0.013892,0.986108
76.96904759,28.555105,76.97415019,28.559555,0,0.027228,0.100216,0.872556
76.97415019,28.555105,76.9792528,28.559555,0,0,0.126244,0.873756
76.9792528,28.555105,76.98435541,28.559555,0,0,0.48166,0.51834
76.98435541,28.555105,76.98945802,28.559555,0,0.029264,0.217344,0.753392
76.98945802,28.555105,76.99456063,28.559555,0,0,0.19554,0.80446
76.99456063,28.555105,76.99966323,28.559555,0,0,0.2283,0.7717
76.99966323,28.555105,77.00476584,28.559555,0,0.324708,0,0.675292
77.00476584,28.555105,77.00986845,28.559555,0,0.020784,0.208836,0.77038
77.00986845,28.555105,77.01497106,28.559555,0,0,0,1
77.01497106,28.555105,77.02007366,28.559555,0,0,0.014964,0.985036
77.02007366,28.555105,77.02517627,28.559555,0,0,0.00998,0.99002
77.02517627,28.555105,77.03027888,28.559555,0,0,0.40532,0.59468
77.03027888,28.555105,77.03538149,28.559555,0,0.087664,0.565392,0.346944
77.03538149,28.555105,77.0404841,28.559555,0,0,0.270656,0.729344
77.0404841,28.555105,77.0455867,28.559555,0,0.018196,0.197852,0.783952
77.0455867,28.555105,77.05068931,28.559555,0,0,0.050028,0.949972
77.05068931,28.555105,77.05579192,28.559555,0,0.040984,0,0.959016
77.05579192,28.555105,77.06089453,28.559555,0,0.166672,0,0.833328
77.06089453,28.555105,77.06599713,28.559555,0,0.020092,0,0.979908
77.06599713,28.555105,77.07109974,28.559555,0,0,0.156924,0.843076
77.06599713,28.555105,77.07109974,28.559555,0,0,0.156924,0.843076
77.07109974,28.555105,77.07620235,28.559555,0,0.669384,0.038064,0.292552
77.07620235,28.555105,77.08130496,28.559555,0,0,0.178832,0.821168
77.08130496,28.555105,77.08640757,28.559555,0,0,0,1
77.08640757,28.555105,77.09151017,28.559555,0,0.01766,0.127912,0.854428
77.09151017,28.555105,77.09661278,28.559555,0,0.112924,0.158952,0.728124
77.09661278,28.555105,77.10171539,28.559555,0,0,0.048584,0.951416
77.10171539,28.555105,77.106818,28.559555,0,0.035048,0.011552,0.9534
77.106818,28.555105,77.11192061,28.559555,0,0.006096,0.13174,0.862164
77.11192061,28.555105,77.11702321,28.559555,0,0,0.41744,0.58256
77.11702321,28.555105,77.12212582,28.559555,0,0,0.054892,0.945108
77.12212582,28.555105,77.12722843,28.559555,0,0.019212,0.396888,0.5839
77.12722843,28.555105,77.13233104,28.559555,0,0,0.508648,0.491352
77.13743364,28.555105,77.14253625,28.559555,0,0,0.67688,0.32312
77.13233104,28.555105,77.13743364,28.559555,0,0,0.538996,0.461004
77.14253625,28.555105,77.14763886,28.559555,0,0.024048,0.536864,0.439088
77.14763886,28.555105,77.15274147,28.559555,0,0,0.817852,0.182148
77.15274147,28.555105,77.15784408,28.559555,0,0,0.448212,0.551788
77.16294668,28.555105,77.16804929,28.559555,0,0.074548,0.551092,0.37436
77.15784408,28.555105,77.16294668,28.559555,0,0.036116,0.05286,0.911024
77.16804929,28.555105,77.1731519,28.559555,0,0,0.1153,0.8847
77.1731519,28.555105,77.17825451,28.559555,0,0.126928,0,0.873072
77.17825451,28.555105,77.18335711,28.559555,0,0,0.479144,0.520856
77.18335711,28.555105,77.18845972,28.559555,0,0.039044,0.199016,0.76194
77.18845972,28.555105,77.19356233,28.559555,0,0,0.7668,0.2332
77.19356233,28.555105,77.19866494,28.559555,0.001804,0.02686,0.739284,0.232052
77.19866494,28.555105,77.20376755,28.559555,0,0.341312,0.342424,0.316264
77.20376755,28.555105,77.20887015,28.559555,0,0.029148,0,0.970852
77.21397276,28.555105,77.21907537,28.559555,0,0.03008,0.239828,0.730092
77.20887015,28.555105,77.21397276,28.559555,0,0,0.052916,0.947084
77.21907537,28.555105,77.22417798,28.559555,0,0.030616,0,0.969384
77.22417798,28.555105,77.22928058,28.559555,0,0.050396,0,0.949604
77.22928058,28.555105,77.23438319,28.559555,0,0.136756,0.119852,0.743392
77.23438319,28.555105,77.2394858,28.559555,0,0.471756,0.052608,0.475636
77.24458841,28.555105,77.24969102,28.559555,0,0.444984,0.023992,0.531024
77.2394858,28.555105,77.24458841,28.559555,0,0,0.073884,0.926116
77.24969102,28.555105,77.25479362,28.559555,0,0.654464,0.005128,0.340408
77.25479362,28.555105,77.25989623,28.559555,0,0,0.1475,0.8525
77.25989623,28.555105,77.26499884,28.559555,0,0.05962,0.461264,0.479116
77.26499884,28.555105,77.27010145,28.559555,0,0,0.052652,0.947348
77.27010145,28.555105,77.27520405,28.559555,0,0.109968,0.028212,0.86182
77.27520405,28.555105,77.28030666,28.559555,0,0.024908,0.286744,0.688348
77.28030666,28.555105,77.28540927,28.559555,0,0,0.33046,0.66954
77.28540927,28.555105,77.29051188,28.559555,0,0.20486,0.257912,0.537228
77.29051188,28.555105,77.29561449,28.559555,0,0.390732,0.00232,0.606948
77.29561449,28.555105,77.30071709,28.559555,0.125784,0.11964,0.010188,0.744388
77.30071709,28.555105,77.3058197,28.559555,0.133124,0,0.63952,0.227356
77.3058197,28.555105,77.31092231,28.559555,0,0,0,1
77.31092231,28.555105,77.31602492,28.559555,0,0,0,1
77.31602492,28.555105,77.32112752,28.559555,0,0,0.28004,0.71996
77.32112752,28.555105,77.32623013,28.559555,0,0,0.230468,0.769532
77.32623013,28.555105,77.33133274,28.559555,0,0,0.148352,0.851648
77.33133274,28.555105,77.33643535,28.559555,0,0,0,1
77.33643535,28.555105,77.34153796,28.559555,0,0.233468,0.032036,0.734496
77.34153796,28.555105,77.34664056,28.559555,0,0.645148,0,0.354852
77.34664056,28.555105,77.35174317,28.559555,0,0,0.171868,0.828132
76.846585,28.550655,76.85168761,28.555105,0,0,0,1
76.85168761,28.550655,76.85679022,28.555105,0,0,0,1
76.85679022,28.550655,76.86189282,28.555105,0,0.31774321,0,0.68225679
76.86189282,28.550655,76.86699543,28.555105,0,0,0,1
76.86699543,28.550655,76.87209804,28.555105,0,0,0.007224691,0.992775309
76.87209804,28.550655,76.87720065,28.555105,0,0,0,1
76.87720065,28.550655,76.88230325,28.555105,0,0,0,1
76.88230325,28.550655,76.88740586,28.555105,0,0.249604938,0,0.750395062
76.88740586,28.550655,76.89250847,28.555105,0,0.517901235,0,0.482098765
76.89250847,28.550655,76.89761108,28.555105,0,0,0,1
76.89761108,28.550655,76.90271369,28.555105,0,0.344661728,0.037195062,0.61814321
76.90271369,28.550655,76.90781629,28.555105,0,0,0,1
76.90781629,28.550655,76.9129189,28.555105,0,0.379896296,0,0.620103704
76.9129189,28.550655,76.91802151,28.555105,0,0,0.027604938,0.972395062
76.91802151,28.550655,76.92312412,28.555105,0,0,0,1
76.92312412,28.550655,76.92822672,28.555105,0,0.695530864,0,0.304469136
76.92822672,28.550655,76.93332933,28.555105,0,0.667580247,0,0.332419753
76.93332933,28.550655,76.93843194,28.555105,0,0.782953086,0,0.217046914
76.93843194,28.550655,76.94353455,28.555105,0,0,0.028567901,0.971432099
76.94353455,28.550655,76.94863716,28.555105,0,0,0.010133333,0.989866667
76.94863716,28.550655,76.95373976,28.555105,0,0,0,1
76.95373976,28.550655,76.95884237,28.555105,0,0,0,1
76.95884237,28.550655,76.96394498,28.555105,0,0.77112,0,0.22888
76.96394498,28.550655,76.96904759,28.555105,0,0,0.012476,0.987524
76.96904759,28.550655,76.97415019,28.555105,0,0,0,1
76.97415019,28.550655,76.9792528,28.555105,0,0,0.078624,0.921376
76.9792528,28.550655,76.98435541,28.555105,0,0,0.051032,0.948968
76.98435541,28.550655,76.98945802,28.555105,0,0,0.050848,0.949152
76.98945802,28.550655,76.99456063,28.555105,0,0,0.26064,0.73936
76.99456063,28.550655,76.99966323,28.555105,0,0,0.10942,0.89058
76.99966323,28.550655,77.00476584,28.555105,0,0,0.0416,0.9584
77.00476584,28.550655,77.00986845,28.555105,0,0,0.1703,0.8297
77.00986845,28.550655,77.01497106,28.555105,0,0,0.108036,0.891964
77.01497106,28.550655,77.02007366,28.555105,0,0,0.323528,0.676472
77.02007366,28.550655,77.02517627,28.555105,0,0,0.173,0.827
77.02517627,28.550655,77.03027888,28.555105,0,0.220492,0.117592,0.661916
77.03027888,28.550655,77.03538149,28.555105,0,0.013936,0.071388,0.914676
77.03538149,28.550655,77.0404841,28.555105,0,0,0.146772,0.853228
77.0404841,28.550655,77.0455867,28.555105,0,0,0.209392,0.790608
77.0455867,28.550655,77.05068931,28.555105,0,0,0.478996,0.521004
77.05068931,28.550655,77.05579192,28.555105,0,0,0.166952,0.833048
77.05579192,28.550655,77.06089453,28.555105,0,0.0662,0.35538,0.57842
77.06089453,28.550655,77.06599713,28.555105,0,0,0.323968,0.676032
77.06599713,28.550655,77.07109974,28.555105,0,0,0.22256,0.77744
77.07109974,28.550655,77.07620235,28.555105,0,0,0.180832,0.819168
77.08130496,28.550655,77.08640757,28.555105,0,0,0,1
77.07620235,28.550655,77.08130496,28.555105,0,0,0.07116,0.92884
77.08640757,28.550655,77.09151017,28.555105,0,0,0.06546,0.93454
77.09151017,28.550655,77.09661278,28.555105,0,0,0.258044,0.741956
77.09661278,28.550655,77.10171539,28.555105,0,0,0.231152,0.768848
77.10171539,28.550655,77.106818,28.555105,0,0,0.276896,0.723104
77.106818,28.550655,77.11192061,28.555105,0,0.040936,0.386772,0.572292
77.11702321,28.550655,77.12212582,28.555105,0,0,0.068796,0.931204
77.11192061,28.550655,77.11702321,28.555105,0,0.073172,0.4875,0.439328
77.12722843,28.550655,77.13233104,28.555105,0,0,0.150004,0.849996
77.12212582,28.550655,77.12722843,28.555105,0,0.051804,0.237232,0.710964
77.13233104,28.550655,77.13743364,28.555105,0,0.145876,0.190068,0.664056
77.13743364,28.550655,77.14253625,28.555105,0,0,0.277308,0.722692
77.14253625,28.550655,77.14763886,28.555105,0,0,0.750384,0.249616
77.14763886,28.550655,77.15274147,28.555105,0,0,0.84272,0.15728
77.15274147,28.550655,77.15784408,28.555105,0,0,0,1
77.15784408,28.550655,77.16294668,28.555105,0,0,0.679252,0.320748
77.16294668,28.550655,77.16804929,28.555105,0,0,0.370856,0.629144
77.16804929,28.550655,77.1731519,28.555105,0,0.263436,0.127,0.609564
77.1731519,28.550655,77.17825451,28.555105,0,0,0,1
77.17825451,28.550655,77.18335711,28.555105,0,0,0,1
77.18335711,28.550655,77.18845972,28.555105,0,0,0.543424,0.456576
77.18845972,28.550655,77.19356233,28.555105,0.010076,0,0.832472,0.157452
77.19356233,28.550655,77.19866494,28.555105,0,0,0.717812,0.282188
77.19866494,28.550655,77.20376755,28.555105,0,0.33556,0.018096,0.646344
77.20376755,28.550655,77.20887015,28.555105,0,0.052316,0.051512,0.896172
77.20887015,28.550655,77.21397276,28.555105,0,0.107464,0.151256,0.74128
77.21397276,28.550655,77.21907537,28.555105,0,0.06364,0.318976,0.617384
77.21907537,28.550655,77.22417798,28.555105,0,0.112428,0.425888,0.461684
77.22417798,28.550655,77.22928058,28.555105,0,0,0.747168,0.252832
77.22928058,28.550655,77.23438319,28.555105,0,0.442432,0.17882,0.378748
77.23438319,28.550655,77.2394858,28.555105,0,0.02062,0.15814,0.82124
77.2394858,28.550655,77.24458841,28.555105,0,0,0.045624,0.954376
77.24458841,28.550655,77.24969102,28.555105,0,0.13442,0.273008,0.592572
77.24969102,28.550655,77.25479362,28.555105,0,0.10138,0.583228,0.315392
77.25479362,28.550655,77.25989623,28.555105,0,0.045252,0.496164,0.458584
77.25989623,28.550655,77.26499884,28.555105,0,0,0.140716,0.859284
77.26499884,28.550655,77.27010145,28.555105,0,0,0.44378,0.55622
77.27010145,28.550655,77.27520405,28.555105,0,0.007344,0.403684,0.588972
77.27520405,28.550655,77.28030666,28.555105,0,0.03352,0.575564,0.390916
77.28030666,28.550655,77.28540927,28.555105,0,0.165004,0.350532,0.484464
77.28540927,28.550655,77.29051188,28.555105,0,0.233984,0.428548,0.337468
77.29051188,28.550655,77.29561449,28.555105,0,0.2999,0,0.7001
77.29561449,28.550655,77.30071709,28.555105,0,0.010548,0,0.989452
77.30071709,28.550655,77.3058197,28.555105,0,0,0.040608,0.959392
77.3058197,28.550655,77.31092231,28.555105,0,0,0,1
77.31092231,28.550655,77.31602492,28.555105,0.157264,0,0,0.842736
77.31602492,28.550655,77.32112752,28.555105,0.402592,0,0,0.597408
77.32112752,28.550655,77.32623013,28.555105,0,0,0.163984,0.836016
77.32623013,28.550655,77.33133274,28.555105,0,0,0.120156,0.879844
77.33133274,28.550655,77.33643535,28.555105,0,0,0,1
77.33643535,28.550655,77.34153796,28.555105,0,0,0,1
77.34153796,28.550655,77.34664056,28.555105,0,0.207704,0.053052,0.739244
77.34664056,28.550655,77.35174317,28.555105,0,0.771788,0,0.228212
76.846585,28.546205,76.85168761,28.550655,0,0,0,1
76.85168761,28.546205,76.85679022,28.550655,0,0.433945679,0.061777778,0.504276543
76.85679022,28.546205,76.86189282,28.550655,0,0.628054321,0,0.371945679
76.86189282,28.546205,76.86699543,28.550655,0,0.58822716,0,0.41177284
76.86699543,28.546205,76.87209804,28.550655,0,0.590098765,0,0.409901235
76.87209804,28.546205,76.87720065,28.550655,0,0,0.032316049,0.967683951
76.87720065,28.546205,76.88230325,28.550655,0,0,0,1
76.88230325,28.546205,76.88740586,28.550655,0,0,0,1
76.88740586,28.546205,76.89250847,28.550655,0,0.502859259,0,0.497140741
76.89250847,28.546205,76.89761108,28.550655,0,0,0,1
76.89761108,28.546205,76.90271369,28.550655,0.023639506,0.42002963,0.036819753,0.519511111
76.90271369,28.546205,76.90781629,28.550655,0,0,0,1
76.90781629,28.546205,76.9129189,28.550655,0,0,0,1
76.9129189,28.546205,76.91802151,28.550655,0,0.661392593,0,0.338607407
76.91802151,28.546205,76.92312412,28.550655,0,0,0,1
76.92312412,28.546205,76.92822672,28.550655,0,0,0,1
76.92822672,28.546205,76.93332933,28.550655,0,0,0.086676543,0.913323457
76.93332933,28.546205,76.93843194,28.550655,0,0,0,1
76.93843194,28.546205,76.94353455,28.550655,0,0,0,1
76.94353455,28.546205,76.94863716,28.550655,0,0,0,1
76.95373976,28.546205,76.95884237,28.550655,0,0.69104,0,0.30896
76.94863716,28.546205,76.95373976,28.550655,0,0.697688,0,0.302312
76.95884237,28.546205,76.96394498,28.550655,0,0.255032,0,0.744968
76.96394498,28.546205,76.96904759,28.550655,0,0,0,1
76.96904759,28.546205,76.97415019,28.550655,0,0,0.172696,0.827304
76.97415019,28.546205,76.9792528,28.550655,0,0,0.022832,0.977168
76.9792528,28.546205,76.98435541,28.550655,0,0,0,1
76.98435541,28.546205,76.98945802,28.550655,0,0.389936,0.09512,0.514944
76.99456063,28.546205,76.99966323,28.550655,0,0,0,1
76.98945802,28.546205,76.99456063,28.550655,0,0,0.140284,0.859716
76.99966323,28.546205,77.00476584,28.550655,0,0.025576,0.062988,0.911436
77.00476584,28.546205,77.00986845,28.550655,0,0,0.119852,0.880148
77.00986845,28.546205,77.01497106,28.550655,0,0,0.359324,0.640676
77.01497106,28.546205,77.02007366,28.550655,0,0.005344,0.436112,0.558544
77.02007366,28.546205,77.02517627,28.550655,0,0,0.20428,0.79572
77.02517627,28.546205,77.03027888,28.550655,0,0,0.133572,0.866428
77.03027888,28.546205,77.03538149,28.550655,0,0.344452,0.067644,0.587904
77.03538149,28.546205,77.0404841,28.550655,0,0,0.542692,0.457308
77.0404841,28.546205,77.0455867,28.550655,0,0,0.212588,0.787412
77.0455867,28.546205,77.05068931,28.550655,0,0.031496,0,0.968504
77.05068931,28.546205,77.05579192,28.550655,0,0,0.234876,0.765124
77.05579192,28.546205,77.06089453,28.550655,0,0,0.09616,0.90384
77.06089453,28.546205,77.06599713,28.550655,0,0,0.142036,0.857964
77.06599713,28.546205,77.07109974,28.550655,0,0,0.08968,0.91032
77.07109974,28.546205,77.07620235,28.550655,0,0,0.44484,0.55516
77.07620235,28.546205,77.08130496,28.550655,0,0,0.597552,0.402448
77.08130496,28.546205,77.08640757,28.550655,0,0,0.431028,0.568972
77.08640757,28.546205,77.09151017,28.550655,0,0,0.20028,0.79972
77.09151017,28.546205,77.09661278,28.550655,0,0.03686,0.155956,0.807184
77.09661278,28.546205,77.10171539,28.550655,0,0,0.396092,0.603908
77.10171539,28.546205,77.106818,28.550655,0,0,0.374456,0.625544
77.106818,28.546205,77.11192061,28.550655,0,0.039412,0.347868,0.61272
77.11192061,28.546205,77.11702321,28.550655,0,0,0.654712,0.345288
77.11702321,28.546205,77.12212582,28.550655,0,0,0.499076,0.500924
77.12212582,28.546205,77.12722843,28.550655,0,0.039024,0.423228,0.537748
77.12722843,28.546205,77.13233104,28.550655,0,0.708032,0.020396,0.271572
77.13233104,28.546205,77.13743364,28.550655,0,0.009828,0.059708,0.930464
77.13743364,28.546205,77.14253625,28.550655,0,0.0403,0.328812,0.630888
77.14253625,28.546205,77.14763886,28.550655,0,0,0.803048,0.196952
77.14763886,28.546205,77.15274147,28.550655,0,0,0.844452,0.155548
77.15274147,28.546205,77.15784408,28.550655,0,0,0.660028,0.339972
77.15784408,28.546205,77.16294668,28.550655,0,0.016512,0.705708,0.27778
77.16294668,28.546205,77.16804929,28.550655,0,0,0.732328,0.267672
77.16804929,28.546205,77.1731519,28.550655,0,0.010808,0.741748,0.247444
77.1731519,28.546205,77.17825451,28.550655,0,0,0.3452,0.6548
77.17825451,28.546205,77.18335711,28.550655,0,0.121572,0,0.878428
77.18335711,28.546205,77.18845972,28.550655,0,0.027456,0.186116,0.786428
77.18845972,28.546205,77.19356233,28.550655,0,0.06994,0.649148,0.280912
77.19866494,28.546205,77.20376755,28.550655,0,0.076616,0.048008,0.875376
77.19356233,28.546205,77.19866494,28.550655,0,0.004756,0.593552,0.401692
77.20376755,28.546205,77.20887015,28.550655,0,0.015224,0.232064,0.752712
77.20887015,28.546205,77.21397276,28.550655,0,0.24748,0.044988,0.707532
77.21397276,28.546205,77.21907537,28.550655,0,0.17176,0.389788,0.438452
77.21907537,28.546205,77.22417798,28.550655,0,0,0.579408,0.420592
77.22417798,28.546205,77.22928058,28.550655,0,0.010924,0.818456,0.17062
77.22928058,28.546205,77.23438319,28.550655,0,0,0.014708,0.985292
77.23438319,28.546205,77.2394858,28.550655,0,0.46202,0.044712,0.493268
77.2394858,28.546205,77.24458841,28.550655,0,0.016052,0.136788,0.84716
77.24458841,28.546205,77.24969102,28.550655,0,0.016476,0.147404,0.83612
77.24969102,28.546205,77.25479362,28.550655,0,0,0.072908,0.927092
77.25479362,28.546205,77.25989623,28.550655,0,0,0.078112,0.921888
77.25989623,28.546205,77.26499884,28.550655,0,0,0.46928,0.53072
77.26499884,28.546205,77.27010145,28.550655,0,0,0.296184,0.703816
77.27010145,28.546205,77.27520405,28.550655,0,0,0.258036,0.741964
77.27520405,28.546205,77.28030666,28.550655,0,0,0.438568,0.561432
77.28030666,28.546205,77.28540927,28.550655,0,0,0.57602,0.42398
77.28540927,28.546205,77.29051188,28.550655,0,0,0.415616,0.584384
77.29051188,28.546205,77.29561449,28.550655,0,0,0.037616,0.962384
77.29561449,28.546205,77.30071709,28.550655,0,0.545512,0,0.454488
77.30071709,28.546205,77.3058197,28.550655,0,0.476868,0,0.523132
77.3058197,28.546205,77.31092231,28.550655,0,0,0.377352,0.622648
77.31092231,28.546205,77.31602492,28.550655,0,0.00812,0.251164,0.740716
77.31602492,28.546205,77.32112752,28.550655,0,0,0.203068,0.796932
77.32112752,28.546205,77.32623013,28.550655,0,0,0.231424,0.768576
77.32623013,28.546205,77.33133274,28.550655,0,0.008324,0.242716,0.74896
77.33133274,28.546205,77.33643535,28.550655,0,0.011004,0.0823,0.906696
77.33643535,28.546205,77.34153796,28.550655,0,0.048664,0.024556,0.92678
77.34153796,28.546205,77.34664056,28.550655,0,0,0,1
77.34664056,28.546205,77.35174317,28.550655,0,0,0.164124,0.835876
76.846585,28.541755,76.85168761,28.546205,0,0,0.036967901,0.963032099
76.85168761,28.541755,76.85679022,28.546205,0,0.05302716,0.004158025,0.942814815
76.85679022,28.541755,76.86189282,28.546205,0,0,0,1
76.86189282,28.541755,76.86699543,28.546205,0,0,0,1
76.86699543,28.541755,76.87209804,28.546205,0,0.556518519,0,0.443481481
76.87209804,28.541755,76.87720065,28.546205,0,0,0,1
76.87720065,28.541755,76.88230325,28.546205,0,0,0,1
76.88230325,28.541755,76.88740586,28.546205,0,0.12817284,0,0.87182716
76.88740586,28.541755,76.89250847,28.546205,0,0,0.041861728,0.958138272
76.89250847,28.541755,76.89761108,28.546205,0,0,0,1
76.89761108,28.541755,76.90271369,28.546205,0,0.515244444,0,0.484755556
76.90271369,28.541755,76.90781629,28.546205,0,0.446464198,0,0.553535802
76.9129189,28.541755,76.91802151,28.546205,0,0,0.047437037,0.952562963
76.90781629,28.541755,76.9129189,28.546205,0,0,0,1
76.91802151,28.541755,76.92312412,28.546205,0,0,0,1
76.92312412,28.541755,76.92822672,28.546205,0,0,0,1
76.92822672,28.541755,76.93332933,28.546205,0,0,0,1
76.93332933,28.541755,76.93843194,28.546205,0,0,0,1
76.94353455,28.541755,76.94863716,28.546205,0,0,0,1
76.93843194,28.541755,76.94353455,28.546205,0,0,0.019051852,0.980948148
76.94863716,28.541755,76.95373976,28.546205,0,0,0,1
76.95373976,28.541755,76.95884237,28.546205,0,0,0,1
76.95884237,28.541755,76.96394498,28.546205,0,0.02572,0,0.97428
76.96394498,28.541755,76.96904759,28.546205,0,0,0.098484,0.901516
76.96904759,28.541755,76.97415019,28.546205,0,0,0.064584,0.935416
76.97415019,28.541755,76.9792528,28.546205,0,0,0.076772,0.923228
76.9792528,28.541755,76.98435541,28.546205,0,0,0.0339,0.9661
76.98435541,28.541755,76.98945802,28.546205,0,0,0.069384,0.930616
76.98945802,28.541755,76.99456063,28.546205,0,0,0.111632,0.888368
76.99456063,28.541755,76.99966323,28.546205,0,0,0,1
76.99966323,28.541755,77.00476584,28.546205,0,0,0.152608,0.847392
77.00476584,28.541755,77.00986845,28.546205,0,0,0.302644,0.697356
77.00986845,28.541755,77.01497106,28.546205,0,0,0.2312,0.7688
77.01497106,28.541755,77.02007366,28.546205,0,0,0.582972,0.417028
77.02007366,28.541755,77.02517627,28.546205,0,0,0,1
77.02517627,28.541755,77.03027888,28.546205,0,0,0.07512,0.92488
77.03027888,28.541755,77.03538149,28.546205,0,0.5354,0.074492,0.390108
77.03538149,28.541755,77.0404841,28.546205,0,0,0.125512,0.874488
77.0404841,28.541755,77.0455867,28.546205,0,0.029812,0.082952,0.887236
77.0455867,28.541755,77.05068931,28.546205,0,0.792024,0,0.207976
77.05068931,28.541755,77.05579192,28.546205,0,0.15094,0.290308,0.558752
77.05579192,28.541755,77.06089453,28.546205,0,0,0.074512,0.925488
77.06089453,28.541755,77.06599713,28.546205,0,0,0.333336,0.666664
77.06599713,28.541755,77.07109974,28.546205,0,0,0.250988,0.749012
77.07109974,28.541755,77.07620235,28.546205,0,0,0.338916,0.661084
77.07620235,28.541755,77.08130496,28.546205,0,0,0.457744,0.542256
77.08130496,28.541755,77.08640757,28.546205,0,0,0.350328,0.649672
77.08640757,28.541755,77.09151017,28.546205,0,0,0.210364,0.789636
77.09151017,28.541755,77.09661278,28.546205,0,0,0.246136,0.753864
77.09661278,28.541755,77.10171539,28.546205,0,0,0.490244,0.509756
77.10171539,28.541755,77.106818,28.546205,0,0,0.32854,0.67146
77.106818,28.541755,77.11192061,28.546205,0,0,0.353744,0.646256
77.11192061,28.541755,77.11702321,28.546205,0,0,0.308456,0.691544
77.11702321,28.541755,77.12212582,28.546205,0,0,0.279892,0.720108
77.12212582,28.541755,77.12722843,28.546205,0,0.772736,0.007404,0.21986
77.12722843,28.541755,77.13233104,28.546205,0,0.75972,0,0.24028
77.13233104,28.541755,77.13743364,28.546205,0,0.038536,0.66706,0.294404
77.13743364,28.541755,77.14253625,28.546205,0,0.004052,0.8238,0.172148
77.14763886,28.541755,77.15274147,28.546205,0,0.034692,0.732172,0.233136
77.14253625,28.541755,77.14763886,28.546205,0,0,0.572188,0.427812
77.15274147,28.541755,77.15784408,28.546205,0,0.15018,0.482556,0.367264
77.15784408,28.541755,77.16294668,28.546205,0,0.04376,0.33018,0.62606
77.16294668,28.541755,77.16804929,28.546205,0,0.010172,0.660336,0.329492
77.16804929,28.541755,77.1731519,28.546205,0,0.013392,0.792192,0.194416
77.1731519,28.541755,77.17825451,28.546205,0,0,0.729056,0.270944
77.17825451,28.541755,77.18335711,28.546205,0,0.026244,0.506412,0.467344
77.18335711,28.541755,77.18845972,28.546205,0,0.029672,0.277264,0.693064
77.18845972,28.541755,77.19356233,28.546205,0,0.074244,0.088108,0.837648
77.19356233,28.541755,77.19866494,28.546205,0,0.028812,0.392844,0.578344
77.19866494,28.541755,77.20376755,28.546205,0,0.024172,0.264184,0.711644
77.20376755,28.541755,77.20887015,28.546205,0,0.059048,0.01634,0.924612
77.20887015,28.541755,77.21397276,28.546205,0,0.3543,0.115764,0.529936
77.21397276,28.541755,77.21907537,28.546205,0,0,0.317068,0.682932
77.21907537,28.541755,77.22417798,28.546205,0,0.027552,0.633652,0.338796
77.22417798,28.541755,77.22928058,28.546205,0,0.0554,0.266972,0.677628
77.22928058,28.541755,77.23438319,28.546205,0,0,0.54398,0.45602
77.23438319,28.541755,77.2394858,28.546205,0,0.030528,0.795628,0.173844
77.2394858,28.541755,77.24458841,28.546205,0,0.20432,0.196308,0.599372
77.24458841,28.541755,77.24969102,28.546205,0,0.036356,0.024184,0.93946
77.24969102,28.541755,77.25479362,28.546205,0,0.523264,0.007924,0.468812
77.25479362,28.541755,77.25989623,28.546205,0,0.040856,0,0.959144
77.25989623,28.541755,77.26499884,28.546205,0,0.10092,0.30632,0.59276
77.26499884,28.541755,77.27010145,28.546205,0,0.039796,0,0.960204
77.27010145,28.541755,77.27520405,28.546205,0,0,0,1
77.27520405,28.541755,77.28030666,28.546205,0,0.159016,0.075892,0.765092
77.28030666,28.541755,77.28540927,28.546205,0,0,0.444316,0.555684
77.28540927,28.541755,77.29051188,28.546205,0,0,0,1
77.29051188,28.541755,77.29561449,28.546205,0,0,0.061552,0.938448
77.29561449,28.541755,77.30071709,28.546205,0,0,0,1
77.30071709,28.541755,77.3058197,28.546205,0,0.386076,0.087832,0.526092
77.3058197,28.541755,77.31092231,28.546205,0,0.132436,0.036944,0.83062
77.31092231,28.541755,77.31602492,28.546205,0,0,0.287948,0.712052
77.31602492,28.541755,77.32112752,28.546205,0,0.04188,0,0.95812
77.32112752,28.541755,77.32623013,28.546205,0,0,0.200728,0.799272
77.32623013,28.541755,77.33133274,28.546205,0,0.00902,0.074068,0.916912
77.33133274,28.541755,77.33643535,28.546205,0,0,0.023888,0.976112
77.33643535,28.541755,77.34153796,28.546205,0,0,0.094996,0.905004
77.34153796,28.541755,77.34664056,28.546205,0,0,0.000672,0.999328
77.34664056,28.541755,77.35174317,28.546205,0,0,0.212896,0.787104
76.846585,28.537305,76.85168761,28.541755,0,0,0,1
76.85168761,28.537305,76.85679022,28.541755,0,0,0.054503704,0.945496296
76.85679022,28.537305,76.86189282,28.541755,0,0.06731358,0,0.93268642
76.86189282,28.537305,76.86699543,28.541755,0,0,0,1
76.86699543,28.537305,76.87209804,28.541755,0,0,0,1
76.87209804,28.537305,76.87720065,28.541755,0.017669136,0.33108642,0,0.651244444
76.87720065,28.537305,76.88230325,28.541755,0.019530864,0,0,0.980469136
76.88230325,28.537305,76.88740586,28.541755,0,0.044661728,0,0.955338272
76.88740586,28.537305,76.89250847,28.541755,0,0.490488889,0,0.509511111
76.89250847,28.537305,76.89761108,28.541755,0,0,0.02814321,0.97185679
76.89761108,28.537305,76.90271369,28.541755,0,0.060316049,0,0.939683951
76.90271369,28.537305,76.90781629,28.541755,0,0,0,1
76.90781629,28.537305,76.9129189,28.541755,0,0,0.058380247,0.941619753
76.9129189,28.537305,76.91802151,28.541755,0,0,0.138390123,0.861609877
76.91802151,28.537305,76.92312412,28.541755,0,0.037555556,0,0.962444444
76.92312412,28.537305,76.92822672,28.541755,0,0,0.008617284,0.991382716
76.92822672,28.537305,76.93332933,28.541755,0,0,0,1
76.93332933,28.537305,76.93843194,28.541755,0,0,0,1
76.93843194,28.537305,76.94353455,28.541755,0,0,0.057718519,0.942281481
76.94353455,28.537305,76.94863716,28.541755,0,0,0.027990123,0.972009877
76.94863716,28.537305,76.95373976,28.541755,0,0,0,1
76.95373976,28.537305,76.95884237,28.541755,0,0.646548,0.00842,0.345032
76.96394498,28.537305,76.96904759,28.541755,0,0,0.017068,0.982932
76.95884237,28.537305,76.96394498,28.541755,0,0,0.06402,0.93598
76.96904759,28.537305,76.97415019,28.541755,0,0,0.020116,0.979884
76.97415019,28.537305,76.9792528,28.541755,0,0.303388,0,0.696612
76.9792528,28.537305,76.98435541,28.541755,0,0,0.05982,0.94018
76.98435541,28.537305,76.98945802,28.541755,0,0,0,1
76.98945802,28.537305,76.99456063,28.541755,0,0,0,1
76.99456063,28.537305,76.99966323,28.541755,0,0,0,1
76.99966323,28.537305,77.00476584,28.541755,0,0,0.335864,0.664136
77.00476584,28.537305,77.00986845,28.541755,0,0,0.3381,0.6619
77.00986845,28.537305,77.01497106,28.541755,0,0,0.081824,0.918176
77.01497106,28.537305,77.02007366,28.541755,0,0,0.13106,0.86894
77.02007366,28.537305,77.02517627,28.541755,0,0,0.24304,0.75696
77.02517627,28.537305,77.03027888,28.541755,0,0,0.310296,0.689704
77.03027888,28.537305,77.03538149,28.541755,0,0.006252,0.42206,0.571688
77.03538149,28.537305,77.0404841,28.541755,0,0,0.221108,0.778892
77.0404841,28.537305,77.0455867,28.541755,0,0,0.162196,0.837804
77.0455867,28.537305,77.05068931,28.541755,0,0,0.09644,0.90356
77.05068931,28.537305,77.05579192,28.541755,0,0.191108,0.088212,0.72068
77.05579192,28.537305,77.06089453,28.541755,0,0.07842,0.165608,0.755972
77.06089453,28.537305,77.06599713,28.541755,0,0.045836,0.28546,0.668704
77.06599713,28.537305,77.07109974,28.541755,0,0.020292,0.4182,0.561508
77.07109974,28.537305,77.07620235,28.541755,0,0,0.398312,0.601688
77.07620235,28.537305,77.08130496,28.541755,0,0.022744,0.441008,0.536248
77.08130496,28.537305,77.08640757,28.541755,0,0,0.447164,0.552836
77.08640757,28.537305,77.09151017,28.541755,0,0.016716,0.251964,0.73132
77.09661278,28.537305,77.10171539,28.541755,0,0,0.451064,0.548936
77.09151017,28.537305,77.09661278,28.541755,0,0,0.077464,0.922536
77.10171539,28.537305,77.106818,28.541755,0,0,0.2428,0.7572
77.106818,28.537305,77.11192061,28.541755,0,0,0.309268,0.690732
77.11192061,28.537305,77.11702321,28.541755,0,0.073108,0.059852,0.86704
77.11702321,28.537305,77.12212582,28.541755,0,0.723968,0.004904,0.271128
77.12212582,28.537305,77.12722843,28.541755,0,0.606,0.075192,0.318808
77.12722843,28.537305,77.13233104,28.541755,0,0.424784,0.006644,0.568572
77.13233104,28.537305,77.13743364,28.541755,0,0.022808,0.31124,0.665952
77.13743364,28.537305,77.14253625,28.541755,0,0.020656,0.302828,0.676516
77.14253625,28.537305,77.14763886,28.541755,0,0.0423,0.137736,0.819964
77.15274147,28.537305,77.15784408,28.541755,0,0.13,0.043152,0.826848
77.14763886,28.537305,77.15274147,28.541755,0,0.108796,0.595956,0.295248
77.15784408,28.537305,77.16294668,28.541755,0,0,0.726044,0.273956
77.16294668,28.537305,77.16804929,28.541755,0,0.011148,0.529624,0.459228
77.16804929,28.537305,77.1731519,28.541755,0,0.021748,0.674536,0.303716
77.1731519,28.537305,77.17825451,28.541755,0,0,0.67756,0.32244
77.17825451,28.537305,77.18335711,28.541755,0,0.02142,0.418636,0.559944
77.18335711,28.537305,77.18845972,28.541755,0,0.044368,0.179752,0.77588
77.18845972,28.537305,77.19356233,28.541755,0,0.032044,0.520004,0.447952
77.19356233,28.537305,77.19866494,28.541755,0,0.048244,0.443016,0.50874
77.19866494,28.537305,77.20376755,28.541755,0,0.052452,0.366684,0.580864
77.20376755,28.537305,77.20887015,28.541755,0,0,0.163772,0.836228
77.20887015,28.537305,77.21397276,28.541755,0,0.027368,0.128784,0.843848
77.21397276,28.537305,77.21907537,28.541755,0,0.036768,0.184432,0.7788
77.21907537,28.537305,77.22417798,28.541755,0,0.134164,0.174308,0.691528
77.22417798,28.537305,77.22928058,28.541755,0,0.422788,0.069,0.508212
77.22928058,28.537305,77.23438319,28.541755,0,0.119472,0.128964,0.751564
77.23438319,28.537305,77.2394858,28.541755,0,0.32956,0.041244,0.629196
77.2394858,28.537305,77.24458841,28.541755,0,0.288156,0.045012,0.666832
77.24458841,28.537305,77.24969102,28.541755,0,0,0,1
77.24969102,28.537305,77.25479362,28.541755,0,0.065532,0,0.934468
77.25479362,28.537305,77.25989623,28.541755,0,0.031676,0.026224,0.9421
77.25989623,28.537305,77.26499884,28.541755,0,0,0,1
77.26499884,28.537305,77.27010145,28.541755,0,0.089536,0.14026,0.770204
77.27010145,28.537305,77.27520405,28.541755,0,0,0.190456,0.809544
77.27520405,28.537305,77.28030666,28.541755,0,0,0,1
77.28030666,28.537305,77.28540927,28.541755,0,0,0,1
77.28540927,28.537305,77.29051188,28.541755,0,0.013216,0.073888,0.912896
77.29561449,28.537305,77.30071709,28.541755,0,0.0917,0.015964,0.892336
77.29051188,28.537305,77.29561449,28.541755,0,0,0.235112,0.764888
77.30071709,28.537305,77.3058197,28.541755,0,0.030664,0,0.969336
77.3058197,28.537305,77.31092231,28.541755,0,0,0.1148,0.8852
77.31092231,28.537305,77.31602492,28.541755,0,0,0.32272,0.67728
77.31602492,28.537305,77.32112752,28.541755,0,0,0.715764,0.284236
77.32112752,28.537305,77.32623013,28.541755,0,0.037392,0,0.962608
77.32623013,28.537305,77.33133274,28.541755,0,0,0.11482,0.88518
77.33133274,28.537305,77.33643535,28.541755,0,0,0.049852,0.950148
77.33643535,28.537305,77.34153796,28.541755,0,0,0,1
77.34153796,28.537305,77.34664056,28.541755,0,0,0.08432,0.91568
77.34664056,28.537305,77.35174317,28.541755,0,0,0.094068,0.905932
76.846585,28.532855,76.85168761,28.537305,0,0.43842963,0,0.56157037
76.85168761,28.532855,76.85679022,28.537305,0,0,0,1
76.85679022,28.532855,76.86189282,28.537305,0,0.224691358,0,0.775308642
76.86189282,28.532855,76.86699543,28.537305,0,0,0.010864198,0.989135802
76.86699543,28.532855,76.87209804,28.537305,0,0,0.029851852,0.970148148
76.87209804,28.532855,76.87720065,28.537305,0.02682963,0,0,0.97317037
76.87720065,28.532855,76.88230325,28.537305,0,0,0,1
76.88230325,28.532855,76.88740586,28.537305,0,0,0,1
76.88740586,28.532855,76.89250847,28.537305,0,0,0,1
76.89250847,28.532855,76.89761108,28.537305,0.008869136,0,0.006049383,0.985081481
76.89761108,28.532855,76.90271369,28.537305,0,0,0.022039506,0.977960494
76.90271369,28.532855,76.90781629,28.537305,0,0,0.014720988,0.985279012
76.90781629,28.532855,76.9129189,28.537305,0,0,0,1
76.9129189,28.532855,76.91802151,28.537305,0,0,0,1
76.91802151,28.532855,76.92312412,28.537305,0,0,0.012187654,0.987812346
76.92312412,28.532855,76.92822672,28.537305,0.012197531,0.044246914,0,0.943555556
76.92822672,28.532855,76.93332933,28.537305,0,0,0,1
76.93332933,28.532855,76.93843194,28.537305,0,0.097851852,0.033259259,0.868888889
76.93843194,28.532855,76.94353455,28.537305,0,0,0.069367901,0.930632099
76.94353455,28.532855,76.94863716,28.537305,0,0,0,1
76.94863716,28.532855,76.95373976,28.537305,0,0,0,1
76.95373976,28.532855,76.95884237,28.537305,0,0.589964,0,0.410036
76.96394498,28.532855,76.96904759,28.537305,0,0,0,1
76.95884237,28.532855,76.96394498,28.537305,0,0,0,1
76.96904759,28.532855,76.97415019,28.537305,0,0,0.034996,0.965004
76.97415019,28.532855,76.9792528,28.537305,0,0,0,1
76.9792528,28.532855,76.98435541,28.537305,0,0,0,1
76.98435541,28.532855,76.98945802,28.537305,0,0,0,1
76.98945802,28.532855,76.99456063,28.537305,0,0,0,1
76.99456063,28.532855,76.99966323,28.537305,0,0,0,1
76.99966323,28.532855,77.00476584,28.537305,0,0.028456,0.165596,0.805948
77.00476584,28.532855,77.00986845,28.537305,0,0,0,1
77.00986845,28.532855,77.01497106,28.537305,0,0,0.07734,0.92266
77.01497106,28.532855,77.02007366,28.537305,0,0,0.19068,0.80932
77.02007366,28.532855,77.02517627,28.537305,0,0,0,1
77.02517627,28.532855,77.03027888,28.537305,0,0,0.116188,0.883812
77.03027888,28.532855,77.03538149,28.537305,0,0,0.245688,0.754312
77.03538149,28.532855,77.0404841,28.537305,0,0,0.333396,0.666604
77.0404841,28.532855,77.0455867,28.537305,0,0,0.33556,0.66444
77.0455867,28.532855,77.05068931,28.537305,0,0,0.081696,0.918304
77.05068931,28.532855,77.05579192,28.537305,0,0.727544,0.005552,0.266904
77.05579192,28.532855,77.06089453,28.537305,0,0.047472,0.003112,0.949416
77.06089453,28.532855,77.06599713,28.537305,0,0,0.277304,0.722696
77.06599713,28.532855,77.07109974,28.537305,0,0,0.374104,0.625896
77.07109974,28.532855,77.07620235,28.537305,0,0,0.249548,0.750452
77.07620235,28.532855,77.08130496,28.537305,0,0,0.426528,0.573472
77.08130496,28.532855,77.08640757,28.537305,0,0,0.58188,0.41812
77.08640757,28.532855,77.09151017,28.537305,0,0.453684,0.018316,0.528
77.09151017,28.532855,77.09661278,28.537305,0,0,0.33026,0.66974
77.09661278,28.532855,77.10171539,28.537305,0,0.0374,0.374116,0.588484
77.10171539,28.532855,77.106818,28.537305,0,0,0.40616,0.59384
77.106818,28.532855,77.11192061,28.537305,0,0.044808,0.210608,0.744584
77.11192061,28.532855,77.11702321,28.537305,0,0.019148,0.256188,0.724664
77.11702321,28.532855,77.12212582,28.537305,0,0.35298,0.052832,0.594188
77.12212582,28.532855,77.12722843,28.537305,0,0,0.116968,0.883032
77.12722843,28.532855,77.13233104,28.537305,0,0.038908,0.477648,0.483444
77.13233104,28.532855,77.13743364,28.537305,0,0.096572,0.5384,0.365028
77.13743364,28.532855,77.14253625,28.537305,0,0.024176,0.574348,0.401476
77.14253625,28.532855,77.14763886,28.537305,0,0.024604,0.264268,0.711128
77.14763886,28.532855,77.15274147,28.537305,0,0.088496,0.066316,0.845188
77.15274147,28.532855,77.15784408,28.537305,0,0.058936,0.589408,0.351656
77.15784408,28.532855,77.16294668,28.537305,0,0,0.831984,0.168016
77.16294668,28.532855,77.16804929,28.537305,0,0,0.805728,0.194272
77.16804929,28.532855,77.1731519,28.537305,0,0,0.771012,0.228988
77.1731519,28.532855,77.17825451,28.537305,0,0,0.815732,0.184268
77.17825451,28.532855,77.18335711,28.537305,0,0,0.858212,0.141788
77.18335711,28.532855,77.18845972,28.537305,0,0.012228,0.785308,0.202464
77.18845972,28.532855,77.19356233,28.537305,0,0.017276,0.711052,0.271672
77.19356233,28.532855,77.19866494,28.537305,0,0.014944,0.463536,0.52152
77.19866494,28.532855,77.20376755,28.537305,0,0.07262,0.54984,0.37754
77.20376755,28.532855,77.20887015,28.537305,0,0.10488,0.337564,0.557556
77.20887015,28.532855,77.21397276,28.537305,0,0.3329,0,0.6671
77.21397276,28.532855,77.21907537,28.537305,0,0.623124,0.001028,0.375848
77.21907537,28.532855,77.22417798,28.537305,0,0.38404,0.117084,0.498876
77.22417798,28.532855,77.22928058,28.537305,0,0.209572,0.326732,0.463696
77.22928058,28.532855,77.23438319,28.537305,0,0,0.33588,0.66412
77.23438319,28.532855,77.2394858,28.537305,0,0.447024,0,0.552976
77.2394858,28.532855,77.24458841,28.537305,0,0.70102,0.019796,0.279184
77.24458841,28.532855,77.24969102,28.537305,0,0.156056,0.162044,0.6819
77.24969102,28.532855,77.25479362,28.537305,0,0,0,1
77.25479362,28.532855,77.25989623,28.537305,0,0.762464,0,0.237536
77.25989623,28.532855,77.26499884,28.537305,0,0.847216,0,0.152784
77.26499884,28.532855,77.27010145,28.537305,0,0.621016,0,0.378984
77.27010145,28.532855,77.27520405,28.537305,0,0,0.024854321,0.975145679
77.27520405,28.532855,77.28030666,28.537305,0,0,0,1
77.28030666,28.532855,77.28540927,28.537305,0,0.032648,0.01698,0.950372
77.28540927,28.532855,77.29051188,28.537305,0,0,0.24412,0.75588
77.29051188,28.532855,77.29561449,28.537305,0,0,0.022292,0.977708
77.29561449,28.532855,77.30071709,28.537305,0,0.546984,0,0.453016
77.30071709,28.532855,77.3058197,28.537305,0,0,0.182684,0.817316
77.3058197,28.532855,77.31092231,28.537305,0,0.06468,0.142556,0.792764
77.31092231,28.532855,77.31602492,28.537305,0,0.411352,0.087632,0.501016
77.31602492,28.532855,77.32112752,28.537305,0,0.05462,0.674776,0.270604
77.32112752,28.532855,77.32623013,28.537305,0,0,0.531924,0.468076
77.32623013,28.532855,77.33133274,28.537305,0,0,0,1
77.33133274,28.532855,77.33643535,28.537305,0,0,0.30958,0.69042
77.33643535,28.532855,77.34153796,28.537305,0,0,0.068832,0.931168
77.34153796,28.532855,77.34664056,28.537305,0,0,0.108476,0.891524
77.34664056,28.532855,77.35174317,28.537305,0,0,0.119092,0.880908
76.846585,28.528405,76.85168761,28.532855,0.00722963,0,0.030054321,0.962716049
76.85168761,28.528405,76.85679022,28.532855,0,0,0.042350617,0.957649383
76.85679022,28.528405,76.86189282,28.532855,0,0,0,1
76.86189282,28.528405,76.86699543,28.532855,0,0,0,1
76.86699543,28.528405,76.87209804,28.532855,0,0,0.123516049,0.876483951
76.87209804,28.528405,76.87720065,28.532855,0,0,0.055417284,0.944582716
76.87720065,28.528405,76.88230325,28.532855,0.018834568,0.154879012,0,0.82628642
76.88230325,28.528405,76.88740586,28.532855,0,0,0,1
76.88740586,28.528405,76.89250847,28.532855,0,0,0,1
76.89250847,28.528405,76.89761108,28.532855,0,0,0.11588642,0.88411358
76.89761108,28.528405,76.90271369,28.532855,0.001239506,0,0.129160494,0.8696
76.90271369,28.528405,76.90781629,28.532855,0.045461728,0,0,0.954538272
76.90781629,28.528405,76.9129189,28.532855,0,0,0.091022222,0.908977778
76.9129189,28.528405,76.91802151,28.532855,0,0.276953086,0,0.723046914
76.91802151,28.528405,76.92312412,28.532855,0,0.373160494,0,0.626839506
76.92312412,28.528405,76.92822672,28.532855,0,0,0,1
76.92822672,28.528405,76.93332933,28.532855,0,0,0.182646914,0.817353086
76.93332933,28.528405,76.93843194,28.532855,0,0,0.114024691,0.885975309
76.93843194,28.528405,76.94353455,28.532855,0,0,0.135249383,0.864750617
76.94353455,28.528405,76.94863716,28.532855,0,0,0.040518519,0.959481481
76.94863716,28.528405,76.95373976,28.532855,0,0.129852,0.128416,0.741732
76.95373976,28.528405,76.95884237,28.532855,0,0.096768,0,0.903232
76.95884237,28.528405,76.96394498,28.532855,0,0,0,1
76.96394498,28.528405,76.96904759,28.532855,0,0,0,1
76.96904759,28.528405,76.97415019,28.532855,0,0,0,1
76.97415019,28.528405,76.9792528,28.532855,0,0,0.01136,0.98864
76.9792528,28.528405,76.98435541,28.532855,0,0,0,1
76.98435541,28.528405,76.98945802,28.532855,0,0,0.044116,0.955884
76.98945802,28.528405,76.99456063,28.532855,0,0,0,1
76.99456063,28.528405,76.99966323,28.532855,0.053264,0,0.158516,0.78822
76.99966323,28.528405,77.00476584,28.532855,0.051252,0,0.050576,0.898172
77.00476584,28.528405,77.00986845,28.532855,0,0,0,1
77.00986845,28.528405,77.01497106,28.532855,0,0,0.018972,0.981028
77.01497106,28.528405,77.02007366,28.532855,0,0.423696,0.053228,0.523076
77.02007366,28.528405,77.02517627,28.532855,0,0,0.163768,0.836232
77.02517627,28.528405,77.03027888,28.532855,0,0,0.292652,0.707348
77.03027888,28.528405,77.03538149,28.532855,0,0,0.24274,0.75726
77.03538149,28.528405,77.0404841,28.532855,0,0,0.024968,0.975032
77.0404841,28.528405,77.0455867,28.532855,0,0,0.045892,0.954108
77.0455867,28.528405,77.05068931,28.532855,0,0,0,1
77.05068931,28.528405,77.05579192,28.532855,0,0.04684,0.228388,0.724772
77.05579192,28.528405,77.06089453,28.532855,0,0.159948,0.312676,0.527376
77.06089453,28.528405,77.06599713,28.532855,0,0,0.457308,0.542692
77.06599713,28.528405,77.07109974,28.532855,0,0,0.227096,0.772904
77.07109974,28.528405,77.07620235,28.532855,0,0,0.60576,0.39424
77.07620235,28.528405,77.08130496,28.532855,0,0,0.423116,0.576884
77.08130496,28.528405,77.08640757,28.532855,0,0,0.159852,0.840148
77.08640757,28.528405,77.09151017,28.532855,0,0.015576,0.040972,0.943452
77.09151017,28.528405,77.09661278,28.532855,0,0.457636,0.111052,0.431312
77.09661278,28.528405,77.10171539,28.532855,0,0.019568,0.318488,0.661944
77.10171539,28.528405,77.106818,28.532855,0,0,0.195656,0.804344
77.106818,28.528405,77.11192061,28.532855,0,0,0.399244,0.600756
77.11192061,28.528405,77.11702321,28.532855,0,0.030628,0.519956,0.449416
77.11702321,28.528405,77.12212582,28.532855,0,0,0.509648,0.490352
77.12212582,28.528405,77.12722843,28.532855,0,0,0.525424,0.474576
77.12722843,28.528405,77.13233104,28.532855,0,0,0.644312,0.355688
77.13233104,28.528405,77.13743364,28.532855,0,0.043612,0.533624,0.422764
77.13743364,28.528405,77.14253625,28.532855,0,0.055804,0.10798,0.836216
77.14253625,28.528405,77.14763886,28.532855,0,0,0.214784,0.785216
77.14763886,28.528405,77.15274147,28.532855,0,0,0,1
77.15274147,28.528405,77.15784408,28.532855,0,0,0.523596,0.476404
77.15784408,28.528405,77.16294668,28.532855,0,0.048444,0.7443,0.207256
77.16294668,28.528405,77.16804929,28.532855,0,0.010056,0.4615,0.528444
77.16804929,28.528405,77.1731519,28.532855,0,0,0.347584,0.652416
77.1731519,28.528405,77.17825451,28.532855,0,0,0.815468,0.184532
77.17825451,28.528405,77.18335711,28.532855,0,0,0.834596,0.165404
77.18335711,28.528405,77.18845972,28.532855,0,0,0.804108,0.195892
77.18845972,28.528405,77.19356233,28.532855,0,0,0.625112,0.374888
77.19356233,28.528405,77.19866494,28.532855,0,0,0.262896,0.737104
77.19866494,28.528405,77.20376755,28.532855,0,0.0912,0.0872,0.8216
77.20376755,28.528405,77.20887015,28.532855,0,0.593684,0.015132,0.391184
77.20887015,28.528405,77.21397276,28.532855,0,0.760732,0,0.239268
77.21397276,28.528405,77.21907537,28.532855,0,0.639588,0.03494,0.325472
77.21907537,28.528405,77.22417798,28.532855,0,0.569268,0.069076,0.361656
77.22928058,28.528405,77.23438319,28.532855,0,0.071732,0.414752,0.513516
77.22417798,28.528405,77.22928058,28.532855,0,0.0293,0.159368,0.811332
77.23438319,28.528405,77.2394858,28.532855,0,0.01314,0.810088,0.176772
77.2394858,28.528405,77.24458841,28.532855,0,0.0069,0.335756,0.657344
77.24458841,28.528405,77.24969102,28.532855,0,0.056664,0,0.943336
77.24969102,28.528405,77.25479362,28.532855,0,0.015248,0.0301,0.954652
77.25479362,28.528405,77.25989623,28.532855,0,0.088508,0,0.911492
77.25989623,28.528405,77.26499884,28.532855,0,0,0.053016,0.946984
77.26499884,28.528405,77.27010145,28.532855,0,0,0.255456,0.744544
77.27010145,28.528405,77.27520405,28.532855,0,0,0.0227,0.9773
77.27520405,28.528405,77.28030666,28.532855,0,0,0.0367,0.9633
77.28030666,28.528405,77.28540927,28.532855,0,0.373204,0,0.626796
77.28540927,28.528405,77.29051188,28.532855,0,0,0.267152,0.732848
77.29051188,28.528405,77.29561449,28.532855,0,0.102564,0.384832,0.512604
77.29561449,28.528405,77.30071709,28.532855,0,0.081752,0.453784,0.464464
77.30071709,28.528405,77.3058197,28.532855,0,0,0.358176,0.641824
77.3058197,28.528405,77.31092231,28.532855,0,0,0,1
77.31092231,28.528405,77.31602492,28.532855,0,0.632168,0,0.367832
77.31602492,28.528405,77.32112752,28.532855,0,0,0.129132,0.870868
77.32112752,28.528405,77.32623013,28.532855,0,0.038424,0.423824,0.537752
77.32623013,28.528405,77.33133274,28.532855,0,0,0,1
77.33133274,28.528405,77.33643535,28.532855,0,0.136144,0.05568,0.808176
77.33643535,28.528405,77.34153796,28.532855,0,0,0.082352,0.917648
77.34153796,28.528405,77.34664056,28.532855,0,0,0,1
77.34664056,28.528405,77.35174317,28.532855,0,0,0.134596,0.865404
76.846585,28.523955,76.85168761,28.528405,0,0,0.110281481,0.889718519
76.85168761,28.523955,76.85679022,28.528405,0,0,0,1
76.85679022,28.523955,76.86189282,28.528405,0,0,0,1
76.86189282,28.523955,76.86699543,28.528405,0,0,0.177288889,0.822711111
76.86699543,28.523955,76.87209804,28.528405,0,0,0,1
76.87209804,28.523955,76.87720065,28.528405,0,0,0,1
76.87720065,28.523955,76.88230325,28.528405,0,0,0,1
76.88230325,28.523955,76.88740586,28.528405,0,0,0,1
76.88740586,28.523955,76.89250847,28.528405,0,0,0,1
76.89250847,28.523955,76.89761108,28.528405,0,0.520602469,0,0.479397531
76.89761108,28.523955,76.90271369,28.528405,0,0.182508642,0,0.817491358
76.90271369,28.523955,76.90781629,28.528405,0,0.048612346,0.042869136,0.908518519
76.90781629,28.523955,76.9129189,28.528405,0,0,0.116474074,0.883525926
76.9129189,28.523955,76.91802151,28.528405,0,0,0,1
76.91802151,28.523955,76.92312412,28.528405,0,0,0,1
76.92312412,28.523955,76.92822672,28.528405,0,0,0,1
76.92822672,28.523955,76.93332933,28.528405,0,0,0.286666667,0.713333333
76.93332933,28.523955,76.93843194,28.528405,0,0,0,1
76.93843194,28.523955,76.94353455,28.528405,0,0,0.039392593,0.960607407
76.94353455,28.523955,76.94863716,28.528405,0,0,0,1
76.94863716,28.523955,76.95373976,28.528405,0,0.286836,0,0.713164
76.95373976,28.523955,76.95884237,28.528405,0,0,0.145976,0.854024
76.95884237,28.523955,76.96394498,28.528405,0,0,0,1
76.96394498,28.523955,76.96904759,28.528405,0,0,0,1
76.96904759,28.523955,76.97415019,28.528405,0.040428,0,0.065336,0.894236
76.97415019,28.523955,76.9792528,28.528405,0,0,0.13298,0.86702
76.9792528,28.523955,76.98435541,28.528405,0,0,0.238892,0.761108
76.98435541,28.523955,76.98945802,28.528405,0.011252,0.006404,0.132472,0.849872
76.98945802,28.523955,76.99456063,28.528405,0,0,0,1
76.99456063,28.523955,76.99966323,28.528405,0,0,0,1
76.99966323,28.523955,77.00476584,28.528405,0,0,0.151168,0.848832
77.00476584,28.523955,77.00986845,28.528405,0,0,0.08822,0.91178
77.00986845,28.523955,77.01497106,28.528405,0,0,0.144872,0.855128
77.01497106,28.523955,77.02007366,28.528405,0,0,0,1
77.02007366,28.523955,77.02517627,28.528405,0,0,0.058816,0.941184
77.02517627,28.523955,77.03027888,28.528405,0.00452,0,0.218008,0.777472
77.03027888,28.523955,77.03538149,28.528405,0,0,0.455028,0.544972
77.03538149,28.523955,77.0404841,28.528405,0,0,0.362336,0.637664
77.0404841,28.523955,77.0455867,28.528405,0,0,0.130688,0.869312
77.0455867,28.523955,77.05068931,28.528405,0,0,0.147504,0.852496
77.05068931,28.523955,77.05579192,28.528405,0,0,0.77302,0.22698
77.05579192,28.523955,77.06089453,28.528405,0,0.02476,0.292872,0.682368
77.06089453,28.523955,77.06599713,28.528405,0,0,0.445244,0.554756
77.07109974,28.523955,77.07620235,28.528405,0,0,0.349084,0.650916
77.06599713,28.523955,77.07109974,28.528405,0,0,0.649392,0.350608
77.07620235,28.523955,77.08130496,28.528405,0,0.765952,0.049576,0.184472
77.08130496,28.523955,77.08640757,28.528405,0,0,0.025108,0.974892
77.08640757,28.523955,77.09151017,28.528405,0,0,0.097912,0.902088
77.09151017,28.523955,77.09661278,28.528405,0,0.029568,0.404296,0.566136
77.09661278,28.523955,77.10171539,28.528405,0,0.026496,0.02594,0.947564
77.10171539,28.523955,77.106818,28.528405,0,0,0.2792,0.7208
77.106818,28.523955,77.11192061,28.528405,0,0,0.361652,0.638348
77.11192061,28.523955,77.11702321,28.528405,0,0,0.427064,0.572936
77.11702321,28.523955,77.12212582,28.528405,0,0,0.162328,0.837672
77.12212582,28.523955,77.12722843,28.528405,0,0.015392,0.400028,0.58458
77.12722843,28.523955,77.13233104,28.528405,0,0,0.811652,0.188348
77.13233104,28.523955,77.13743364,28.528405,0,0.594664,0.048372,0.356964
77.13743364,28.523955,77.14253625,28.528405,0,0,0.156396,0.843604
77.14253625,28.523955,77.14763886,28.528405,0,0.039804,0.158636,0.80156
77.14763886,28.523955,77.15274147,28.528405,0,0.15176,0.046136,0.802104
77.15274147,28.523955,77.15784408,28.528405,0,0.007388,0.202808,0.789804
77.15784408,28.523955,77.16294668,28.528405,0,0,0.153644,0.846356
77.16294668,28.523955,77.16804929,28.528405,0,0,0.245012,0.754988
77.16804929,28.523955,77.1731519,28.528405,0,0.0385,0.627224,0.334276
77.1731519,28.523955,77.17825451,28.528405,0,0.13868,0.67068,0.19064
77.17825451,28.523955,77.18335711,28.528405,0,0.11232,0.717388,0.170292
77.18335711,28.523955,77.18845972,28.528405,0,0,0.250964,0.749036
77.18845972,28.523955,77.19356233,28.528405,0,0.443412,0.241704,0.314884
77.19866494,28.523955,77.20376755,28.528405,0,0,0.13172,0.86828
77.19356233,28.523955,77.19866494,28.528405,0,0.187148,0.139868,0.672984
77.20376755,28.523955,77.20887015,28.528405,0,0.148328,0.235096,0.616576
77.20887015,28.523955,77.21397276,28.528405,0,0.07786,0.30384,0.6183
77.21397276,28.523955,77.21907537,28.528405,0,0.230156,0.072416,0.697428
77.21907537,28.523955,77.22417798,28.528405,0,0.053828,0.072868,0.873304
77.22417798,28.523955,77.22928058,28.528405,0,0.022724,0.248348,0.728928
77.22928058,28.523955,77.23438319,28.528405,0,0.018624,0.207396,0.77398
77.23438319,28.523955,77.2394858,28.528405,0,0.18628,0,0.81372
77.2394858,28.523955,77.24458841,28.528405,0,0.113936,0.6738,0.212264
77.24458841,28.523955,77.24969102,28.528405,0,0,0.781616,0.218384
77.24969102,28.523955,77.25479362,28.528405,0,0,0,1
77.25479362,28.523955,77.25989623,28.528405,0,0.594364,0,0.405636
77.25989623,28.523955,77.26499884,28.528405,0,0.12732,0,0.87268
77.26499884,28.523955,77.27010145,28.528405,0,0,0.578064,0.421936
77.27010145,28.523955,77.27520405,28.528405,0,0,0.425596,0.574404
77.27520405,28.523955,77.28030666,28.528405,0,0.65316,0,0.34684
77.28030666,28.523955,77.28540927,28.528405,0,0.467004,0.038944,0.494052
77.28540927,28.523955,77.29051188,28.528405,0,0.041308,0.040196,0.918496
77.29051188,28.523955,77.29561449,28.528405,0,0.012192,0.533364,0.454444
77.29561449,28.523955,77.30071709,28.528405,0,0,0.756952,0.243048
77.30071709,28.523955,77.3058197,28.528405,0,0,0.248592,0.751408
77.3058197,28.523955,77.31092231,28.528405,0,0,0.779432,0.220568
77.31092231,28.523955,77.31602492,28.528405,0,0,0.517488,0.482512
77.31602492,28.523955,77.32112752,28.528405,0,0.16688,0.359192,0.473928
77.32112752,28.523955,77.32623013,28.528405,0,0,0.318236,0.681764
77.32623013,28.523955,77.33133274,28.528405,0,0,0.179156,0.820844
77.33133274,28.523955,77.33643535,28.528405,0,0.036168,0.065196,0.898636
77.33643535,28.523955,77.34153796,28.528405,0,0,0.097156,0.902844
77.34153796,28.523955,77.34664056,28.528405,0,0,0.153664,0.846336
77.34664056,28.523955,77.35174317,28.528405,0,0.02626,0.264096,0.709644
76.846585,28.519505,76.85168761,28.523955,0,0,0.034637037,0.965362963
76.85168761,28.519505,76.85679022,28.523955,0,0,0.30362963,0.69637037
76.85679022,28.519505,76.86189282,28.523955,0,0,0,1
76.86189282,28.519505,76.86699543,28.523955,0,0,0,1
76.86699543,28.519505,76.87209804,28.523955,0,0.599471605,0,0.400528395
76.87209804,28.519505,76.87720065,28.523955,0,0.655249383,0,0.344750617
76.87720065,28.519505,76.88230325,28.523955,0,0.368444444,0,0.631555556
76.88230325,28.519505,76.88740586,28.523955,0,0.394464198,0,0.605535802
76.88740586,28.519505,76.89250847,28.523955,0,0,0,1
76.89250847,28.519505,76.89761108,28.523955,0,0,0,1
76.89761108,28.519505,76.90271369,28.523955,0,0.028434568,0,0.971565432
76.90271369,28.519505,76.90781629,28.523955,0,0,0.066750617,0.933249383
76.90781629,28.519505,76.9129189,28.523955,0,0,0,1
76.9129189,28.519505,76.91802151,28.523955,0,0,0.094967901,0.905032099
76.91802151,28.519505,76.92312412,28.523955,0,0,0.23937284,0.76062716
76.92312412,28.519505,76.92822672,28.523955,0,0,0,1
76.92822672,28.519505,76.93332933,28.523955,0,0,0,1
76.93332933,28.519505,76.93843194,28.523955,0,0,0.388795062,0.611204938
76.93843194,28.519505,76.94353455,28.523955,0,0.119451852,0.241002469,0.639545679
76.94353455,28.519505,76.94863716,28.523955,0,0,0,1
76.94863716,28.519505,76.95373976,28.523955,0,0,0,1
76.95373976,28.519505,76.95884237,28.523955,0,0,0.013692,0.986308
76.95884237,28.519505,76.96394498,28.523955,0,0.165408,0,0.834592
76.96394498,28.519505,76.96904759,28.523955,0,0,0.029412,0.970588
76.96904759,28.519505,76.97415019,28.523955,0.034752,0,0.433676,0.531572
76.97415019,28.519505,76.9792528,28.523955,0,0,0,1
76.9792528,28.519505,76.98435541,28.523955,0,0.368924,0,0.631076
76.98435541,28.519505,76.98945802,28.523955,0,0,0.035992,0.964008
76.98945802,28.519505,76.99456063,28.523955,0,0,0,1
76.99456063,28.519505,76.99966323,28.523955,0,0,0.104544,0.895456
76.99966323,28.519505,77.00476584,28.523955,0,0,0.123336,0.876664
77.00476584,28.519505,77.00986845,28.523955,0,0.016508,0,0.983492
77.00986845,28.519505,77.01497106,28.523955,0,0,0.069776,0.930224
77.01497106,28.519505,77.02007366,28.523955,0,0,0.193376,0.806624
77.02007366,28.519505,77.02517627,28.523955,0.018404,0,0.255436,0.72616
77.02517627,28.519505,77.03027888,28.523955,0,0.051376,0.066012,0.882612
77.03027888,28.519505,77.03538149,28.523955,0,0,0.190504,0.809496
77.0404841,28.519505,77.0455867,28.523955,0,0.032696,0.049588,0.917716
77.03538149,28.519505,77.0404841,28.523955,0,0,0.333964,0.666036
77.0455867,28.519505,77.05068931,28.523955,0,0,0.361196,0.638804
77.05068931,28.519505,77.05579192,28.523955,0,0,0.305536,0.694464
77.05579192,28.519505,77.06089453,28.523955,0,0,0.416824,0.583176
77.06089453,28.519505,77.06599713,28.523955,0,0,0.335592,0.664408
77.06599713,28.519505,77.07109974,28.523955,0,0,0.292944,0.707056
77.07109974,28.519505,77.07620235,28.523955,0,0,0.281168,0.718832
77.07620235,28.519505,77.08130496,28.523955,0,0.496052,0.0601,0.443848
77.08130496,28.519505,77.08640757,28.523955,0,0.372096,0.061636,0.566268
77.08640757,28.519505,77.09151017,28.523955,0,0,0.376876,0.623124
77.09151017,28.519505,77.09661278,28.523955,0,0,0.3763,0.6237
77.09661278,28.519505,77.10171539,28.523955,0,0,0.350508,0.649492
77.10171539,28.519505,77.106818,28.523955,0,0.016568,0.607992,0.37544
77.106818,28.519505,77.11192061,28.523955,0,0,0.483636,0.516364
77.11192061,28.519505,77.11702321,28.523955,0,0,0.401912,0.598088
77.11702321,28.519505,77.12212582,28.523955,0,0,0.715476,0.284524
77.12212582,28.519505,77.12722843,28.523955,0,0,0.82918,0.17082
77.12722843,28.519505,77.13233104,28.523955,0,0,0.832652,0.167348
77.13233104,28.519505,77.13743364,28.523955,0,0,0.474224,0.525776
77.13743364,28.519505,77.14253625,28.523955,0,0.060484,0,0.939516
77.14253625,28.519505,77.14763886,28.523955,0,0,0.351252,0.648748
77.14763886,28.519505,77.15274147,28.523955,0,0.023932,0.297404,0.678664
77.15784408,28.519505,77.16294668,28.523955,0,0,0.048812,0.951188
77.15274147,28.519505,77.15784408,28.523955,0,0,0.32364,0.67636
77.16294668,28.519505,77.16804929,28.523955,0,0.065,0.3347,0.6003
77.1731519,28.519505,77.17825451,28.523955,0,0.823552,0,0.176448
77.16804929,28.519505,77.1731519,28.523955,0,0.101824,0.175828,0.722348
77.17825451,28.519505,77.18335711,28.523955,0,0.47694,0.148004,0.375056
77.18335711,28.519505,77.18845972,28.523955,0,0.07434,0.7023,0.22336
77.18845972,28.519505,77.19356233,28.523955,0,0,0.464168,0.535832
77.19356233,28.519505,77.19866494,28.523955,0,0.044024,0.592612,0.363364
77.19866494,28.519505,77.20376755,28.523955,0,0.111424,0.375908,0.512668
77.20376755,28.519505,77.20887015,28.523955,0,0.37608,0.053088,0.570832
77.20887015,28.519505,77.21397276,28.523955,0,0.496508,0.022248,0.481244
77.21397276,28.519505,77.21907537,28.523955,0,0.689952,0.00386,0.306188
77.21907537,28.519505,77.22417798,28.523955,0,0.076708,0,0.923292
77.22928058,28.519505,77.23438319,28.523955,0,0.60388,0.068588,0.327532
77.22417798,28.519505,77.22928058,28.523955,0,0,0.165544,0.834456
77.23438319,28.519505,77.2394858,28.523955,0,0.388644,0.039812,0.571544
77.2394858,28.519505,77.24458841,28.523955,0,0,0,1
77.24458841,28.519505,77.24969102,28.523955,0,0,0.740492,0.259508
77.24969102,28.519505,77.25479362,28.523955,0,0,0.820948,0.179052
77.25479362,28.519505,77.25989623,28.523955,0,0.584324,0.02206,0.393616
77.25989623,28.519505,77.26499884,28.523955,0,0.23004,0.49564,0.27432
77.26499884,28.519505,77.27010145,28.523955,0,0,0.702192,0.297808
77.27010145,28.519505,77.27520405,28.523955,0,0.040336,0.802176,0.157488
77.27520405,28.519505,77.28030666,28.523955,0,0.379708,0.178768,0.441524
77.28030666,28.519505,77.28540927,28.523955,0,0.504784,0.032792,0.462424
77.28540927,28.519505,77.29051188,28.523955,0,0,0.120828,0.879172
77.29051188,28.519505,77.29561449,28.523955,0,0.02782,0,0.97218
77.29561449,28.519505,77.30071709,28.523955,0,0,0.571416,0.428584
77.30071709,28.519505,77.3058197,28.523955,0,0.166492,0.16262,0.670888
77.3058197,28.519505,77.31092231,28.523955,0,0.092172,0.155452,0.752376
77.31092231,28.519505,77.31602492,28.523955,0,0,0.476884,0.523116
77.31602492,28.519505,77.32112752,28.523955,0,0,0.717484,0.282516
77.32112752,28.519505,77.32623013,28.523955,0,0,0.797928,0.202072
77.32623013,28.519505,77.33133274,28.523955,0,0,0.338888,0.661112
77.33133274,28.519505,77.33643535,28.523955,0,0,0.286056,0.713944
77.33643535,28.519505,77.34153796,28.523955,0.049148,0,0,0.950852
77.34153796,28.519505,77.34664056,28.523955,0,0,0,1
77.34664056,28.519505,77.35174317,28.523955,0,0,0.111828,0.888172
76.846585,28.515055,76.85168761,28.519505,0,0,0.240869136,0.759130864
76.85168761,28.515055,76.85679022,28.519505,0,0.428562963,0.104962963,0.466474074
76.85679022,28.515055,76.86189282,28.519505,0,0.033120988,0.018814815,0.948064198
76.86189282,28.515055,76.86699543,28.519505,0,0,0,1
76.86699543,28.515055,76.87209804,28.519505,0.036953086,0,0,0.963046914
76.87209804,28.515055,76.87720065,28.519505,0.10382716,0,0,0.89617284
76.87720065,28.515055,76.88230325,28.519505,0,0.510735802,0,0.489264198
76.88230325,28.515055,76.88740586,28.519505,0,0,0,1
76.89250847,28.515055,76.89761108,28.519505,0,0,0,1
76.88740586,28.515055,76.89250847,28.519505,0,0,0,1
76.846585,28.559555,76.85168761,28.564005,0,0,0,1
76.85168761,28.559555,76.85679022,28.564005,0,0.441353086,0,0.558646914
76.85679022,28.559555,76.86189282,28.564005,0,0,0,1
76.86189282,28.559555,76.86699543,28.564005,0,0,0.206676543,0.793323457
76.86699543,28.559555,76.87209804,28.564005,0,0,0.470059259,0.529940741
76.87209804,28.559555,76.87720065,28.564005,0,0,0,1
76.87720065,28.559555,76.88230325,28.564005,0,0,0,1
